Provincia,Dia,Confirmados,Muertes,Recuperados,Total Confirmados,Total Muertes,Total Recuperados
Catamarca,1/22/20,0,0,0,0,0,0
Catamarca,1/23/20,0,0,0,0,0,0
Catamarca,1/24/20,0,0,0,0,0,0
Catamarca,1/25/20,0,0,0,0,0,0
Catamarca,1/26/20,0,0,0,0,0,0
Catamarca,1/27/20,0,0,0,0,0,0
Catamarca,1/28/20,0,0,0,0,0,0
Catamarca,1/29/20,0,0,0,0,0,0
Catamarca,1/30/20,0,0,0,0,0,0
Catamarca,1/31/20,0,0,0,0,0,0
Catamarca,2/1/20,0,0,0,0,0,0
Catamarca,2/2/20,0,0,0,0,0,0
Catamarca,2/3/20,0,0,0,0,0,0
Catamarca,2/4/20,0,0,0,0,0,0
Catamarca,2/5/20,0,0,0,0,0,0
Catamarca,2/6/20,0,0,0,0,0,0
Catamarca,2/7/20,0,0,0,0,0,0
Catamarca,2/8/20,0,0,0,0,0,0
Catamarca,2/9/20,0,0,0,0,0,0
Catamarca,2/10/20,0,0,0,0,0,0
Catamarca,2/11/20,0,0,0,0,0,0
Catamarca,2/12/20,0,0,0,0,0,0
Catamarca,2/13/20,0,0,0,0,0,0
Catamarca,2/14/20,0,0,0,0,0,0
Catamarca,2/15/20,0,0,0,0,0,0
Catamarca,2/16/20,0,0,0,0,0,0
Catamarca,2/17/20,0,0,0,0,0,0
Catamarca,2/18/20,0,0,0,0,0,0
Catamarca,2/19/20,0,0,0,0,0,0
Catamarca,2/20/20,0,0,0,0,0,0
Catamarca,2/21/20,0,0,0,0,0,0
Catamarca,2/22/20,0,0,0,0,0,0
Catamarca,2/23/20,0,0,0,0,0,0
Catamarca,2/24/20,0,0,0,0,0,0
Catamarca,2/25/20,0,0,0,0,0,0
Catamarca,2/26/20,0,0,0,0,0,0
Catamarca,2/27/20,0,0,0,0,0,0
Catamarca,2/28/20,0,0,0,0,0,0
Catamarca,2/29/20,0,0,0,0,0,0
Catamarca,3/1/20,0,0,0,0,0,0
Catamarca,3/2/20,0,0,0,0,0,0
Catamarca,3/3/20,0,0,0,0,0,0
Catamarca,3/4/20,0,0,0,0,0,0
Catamarca,3/5/20,0,0,0,0,0,0
Catamarca,3/6/20,0,0,0,0,0,0
Catamarca,3/7/20,0,0,0,0,0,0
Catamarca,3/8/20,0,0,0,0,0,0
Catamarca,3/9/20,0,0,0,0,0,0
Catamarca,3/10/20,0,0,0,0,0,0
Catamarca,3/11/20,0,0,0,0,0,0
Catamarca,3/12/20,0,0,0,0,0,0
Catamarca,3/13/20,0,0,0,0,0,0
Catamarca,3/14/20,0,0,0,0,0,0
Catamarca,3/15/20,0,0,0,0,0,0
Catamarca,3/16/20,0,0,0,0,0,0
Catamarca,3/17/20,0,0,0,0,0,0
Catamarca,3/18/20,0,0,0,0,0,0
Catamarca,3/19/20,0,0,0,0,0,0
Catamarca,3/20/20,0,0,0,0,0,0
Catamarca,3/21/20,0,0,0,0,0,0
Catamarca,3/22/20,0,0,0,0,0,0
Catamarca,3/23/20,0,0,0,0,0,0
Catamarca,3/24/20,0,0,0,0,0,0
Catamarca,3/25/20,0,0,0,0,0,0
Catamarca,3/26/20,0,0,0,0,0,0
Catamarca,3/27/20,0,0,0,0,0,0
Catamarca,3/28/20,0,0,0,0,0,0
Catamarca,3/29/20,0,0,0,0,0,0
Catamarca,3/30/20,0,0,0,0,0,0
Catamarca,3/31/20,0,0,0,0,0,0
Catamarca,4/1/20,0,0,0,0,0,0
Catamarca,4/2/20,0,0,0,0,0,0
Catamarca,4/3/20,0,0,0,0,0,0
Catamarca,4/4/20,0,0,0,0,0,0
Catamarca,4/5/20,0,0,0,0,0,0
Catamarca,4/6/20,0,0,0,0,0,0
Catamarca,4/7/20,0,0,0,0,0,0
Catamarca,4/8/20,0,0,0,0,0,0
Catamarca,4/9/20,0,0,0,0,0,0
Catamarca,4/10/20,0,0,0,0,0,0
Catamarca,4/11/20,0,0,0,0,0,0
Catamarca,4/12/20,0,0,0,0,0,0
Catamarca,4/13/20,0,0,0,0,0,0
Catamarca,4/14/20,0,0,0,0,0,0
Catamarca,4/15/20,0,0,0,0,0,0
Catamarca,4/16/20,0,0,0,0,0,0
Catamarca,4/17/20,0,0,0,0,0,0
Catamarca,4/18/20,0,0,0,0,0,0
Catamarca,4/19/20,0,0,0,0,0,0
Catamarca,4/20/20,0,0,0,0,0,0
Chaco,1/22/20,0,0,0,0,0,0
Chaco,1/23/20,0,0,0,0,0,0
Chaco,1/24/20,0,0,0,0,0,0
Chaco,1/25/20,0,0,0,0,0,0
Chaco,1/26/20,0,0,0,0,0,0
Chaco,1/27/20,0,0,0,0,0,0
Chaco,1/28/20,0,0,0,0,0,0
Chaco,1/29/20,0,0,0,0,0,0
Chaco,1/30/20,0,0,0,0,0,0
Chaco,1/31/20,0,0,0,0,0,0
Chaco,2/1/20,0,0,0,0,0,0
Chaco,2/2/20,0,0,0,0,0,0
Chaco,2/3/20,0,0,0,0,0,0
Chaco,2/4/20,0,0,0,0,0,0
Chaco,2/5/20,0,0,0,0,0,0
Chaco,2/6/20,0,0,0,0,0,0
Chaco,2/7/20,0,0,0,0,0,0
Chaco,2/8/20,0,0,0,0,0,0
Chaco,2/9/20,0,0,0,0,0,0
Chaco,2/10/20,0,0,0,0,0,0
Chaco,2/11/20,0,0,0,0,0,0
Chaco,2/12/20,0,0,0,0,0,0
Chaco,2/13/20,0,0,0,0,0,0
Chaco,2/14/20,0,0,0,0,0,0
Chaco,2/15/20,0,0,0,0,0,0
Chaco,2/16/20,0,0,0,0,0,0
Chaco,2/17/20,0,0,0,0,0,0
Chaco,2/18/20,0,0,0,0,0,0
Chaco,2/19/20,0,0,0,0,0,0
Chaco,2/20/20,0,0,0,0,0,0
Chaco,2/21/20,0,0,0,0,0,0
Chaco,2/22/20,0,0,0,0,0,0
Chaco,2/23/20,0,0,0,0,0,0
Chaco,2/24/20,0,0,0,0,0,0
Chaco,2/25/20,0,0,0,0,0,0
Chaco,2/26/20,0,0,0,0,0,0
Chaco,2/27/20,0,0,0,0,0,0
Chaco,2/28/20,0,0,0,0,0,0
Chaco,2/29/20,0,0,0,0,0,0
Chaco,3/1/20,0,0,0,0,0,0
Chaco,3/2/20,0,0,0,0,0,0
Chaco,3/3/20,0,0,0,0,0,0
Chaco,3/4/20,0,0,0,0,0,0
Chaco,3/5/20,0,0,0,0,0,0
Chaco,3/6/20,0,0,0,0,0,0
Chaco,3/7/20,0,0,0,0,0,0
Chaco,3/8/20,0,0,0,0,0,0
Chaco,3/9/20,2,0,0,2,0,0
Chaco,3/10/20,0,0,0,2,0,0
Chaco,3/11/20,0,0,0,2,0,0
Chaco,3/12/20,2,0,0,4,0,0
Chaco,3/13/20,0,1,0,4,1,0
Chaco,3/14/20,2,0,0,6,1,0
Chaco,3/15/20,2,0,0,8,1,0
Chaco,3/16/20,3,0,0,11,1,0
Chaco,3/17/20,1,0,0,12,1,0
Chaco,3/18/20,1,0,0,13,1,0
Chaco,3/19/20,2,0,0,15,1,0
Chaco,3/20/20,1,0,0,16,1,0
Chaco,3/21/20,5,0,0,21,1,0
Chaco,3/22/20,7,0,0,28,1,0
Chaco,3/23/20,4,0,0,32,1,0
Chaco,3/24/20,9,1,0,41,2,0
Chaco,3/25/20,12,1,0,53,3,0
Chaco,3/26/20,3,1,0,56,4,0
Chaco,3/27/20,3,0,0,59,4,0
Chaco,3/28/20,5,0,0,64,4,0
Chaco,3/29/20,4,0,3,68,4,3
Chaco,3/30/20,12,0,0,80,4,3
Chaco,3/31/20,3,1,0,83,5,3
Chaco,4/1/20,12,0,0,95,5,3
Chaco,4/2/20,3,1,0,98,6,3
Chaco,4/3/20,8,1,4,106,7,7
Chaco,4/4/20,8,0,2,114,7,9
Chaco,4/5/20,0,0,0,114,7,9
Chaco,4/6/20,4,0,0,118,7,9
Chaco,4/7/20,4,0,0,122,7,9
Chaco,4/8/20,4,0,0,126,7,9
Chaco,4/9/20,6,1,12,132,8,21
Chaco,4/10/20,5,0,14,137,8,35
Chaco,4/11/20,0,0,2,137,8,37
Chaco,4/12/20,1,0,11,138,8,48
Chaco,4/13/20,3,0,0,141,8,48
Chaco,4/14/20,31,0,8,172,8,56
Chaco,4/15/20,7,0,0,179,8,56
Chaco,4/16/20,11,0,4,190,8,60
Chaco,4/17/20,22,0,6,212,8,66
Chaco,4/18/20,24,0,0,236,8,66
Chaco,4/19/20,5,0,0,241,8,66
Chaco,4/20/20,5,1,0,246,9,66
Chubut,1/22/20,0,0,0,0,0,0
Chubut,1/23/20,0,0,0,0,0,0
Chubut,1/24/20,0,0,0,0,0,0
Chubut,1/25/20,0,0,0,0,0,0
Chubut,1/26/20,0,0,0,0,0,0
Chubut,1/27/20,0,0,0,0,0,0
Chubut,1/28/20,0,0,0,0,0,0
Chubut,1/29/20,0,0,0,0,0,0
Chubut,1/30/20,0,0,0,0,0,0
Chubut,1/31/20,0,0,0,0,0,0
Chubut,2/1/20,0,0,0,0,0,0
Chubut,2/2/20,0,0,0,0,0,0
Chubut,2/3/20,0,0,0,0,0,0
Chubut,2/4/20,0,0,0,0,0,0
Chubut,2/5/20,0,0,0,0,0,0
Chubut,2/6/20,0,0,0,0,0,0
Chubut,2/7/20,0,0,0,0,0,0
Chubut,2/8/20,0,0,0,0,0,0
Chubut,2/9/20,0,0,0,0,0,0
Chubut,2/10/20,0,0,0,0,0,0
Chubut,2/11/20,0,0,0,0,0,0
Chubut,2/12/20,0,0,0,0,0,0
Chubut,2/13/20,0,0,0,0,0,0
Chubut,2/14/20,0,0,0,0,0,0
Chubut,2/15/20,0,0,0,0,0,0
Chubut,2/16/20,0,0,0,0,0,0
Chubut,2/17/20,0,0,0,0,0,0
Chubut,2/18/20,0,0,0,0,0,0
Chubut,2/19/20,0,0,0,0,0,0
Chubut,2/20/20,0,0,0,0,0,0
Chubut,2/21/20,0,0,0,0,0,0
Chubut,2/22/20,0,0,0,0,0,0
Chubut,2/23/20,0,0,0,0,0,0
Chubut,2/24/20,0,0,0,0,0,0
Chubut,2/25/20,0,0,0,0,0,0
Chubut,2/26/20,0,0,0,0,0,0
Chubut,2/27/20,0,0,0,0,0,0
Chubut,2/28/20,0,0,0,0,0,0
Chubut,2/29/20,0,0,0,0,0,0
Chubut,3/1/20,0,0,0,0,0,0
Chubut,3/2/20,0,0,0,0,0,0
Chubut,3/3/20,0,0,0,0,0,0
Chubut,3/4/20,0,0,0,0,0,0
Chubut,3/5/20,0,0,0,0,0,0
Chubut,3/6/20,0,0,0,0,0,0
Chubut,3/7/20,0,0,0,0,0,0
Chubut,3/8/20,0,0,0,0,0,0
Chubut,3/9/20,0,0,0,0,0,0
Chubut,3/10/20,0,0,0,0,0,0
Chubut,3/11/20,0,0,0,0,0,0
Chubut,3/12/20,0,0,0,0,0,0
Chubut,3/13/20,0,0,0,0,0,0
Chubut,3/14/20,0,0,0,0,0,0
Chubut,3/15/20,0,0,0,0,0,0
Chubut,3/16/20,0,0,0,0,0,0
Chubut,3/17/20,0,0,0,0,0,0
Chubut,3/18/20,0,0,0,0,0,0
Chubut,3/19/20,0,0,0,0,0,0
Chubut,3/20/20,0,0,0,0,0,0
Chubut,3/21/20,0,0,0,0,0,0
Chubut,3/22/20,0,0,0,0,0,0
Chubut,3/23/20,0,0,0,0,0,0
Chubut,3/24/20,0,0,0,0,0,0
Chubut,3/25/20,0,0,0,0,0,0
Chubut,3/26/20,0,0,0,0,0,0
Chubut,3/27/20,0,0,0,0,0,0
Chubut,3/28/20,0,0,0,0,0,0
Chubut,3/29/20,0,0,0,0,0,0
Chubut,3/30/20,0,0,0,0,0,0
Chubut,3/31/20,0,0,0,0,0,0
Chubut,4/1/20,0,0,0,0,0,0
Chubut,4/2/20,0,0,0,0,0,0
Chubut,4/3/20,0,0,0,0,0,0
Chubut,4/4/20,0,0,0,0,0,0
Chubut,4/5/20,0,0,0,0,0,0
Chubut,4/6/20,0,0,0,0,0,0
Chubut,4/7/20,0,0,0,0,0,0
Chubut,4/8/20,0,0,0,0,0,0
Chubut,4/9/20,0,0,0,0,0,0
Chubut,4/10/20,0,0,0,0,0,0
Chubut,4/11/20,0,0,0,0,0,0
Chubut,4/12/20,0,0,0,0,0,0
Chubut,4/13/20,0,0,0,0,0,0
Chubut,4/14/20,0,0,0,0,0,0
Chubut,4/15/20,1,0,0,1,0,0
Chubut,4/16/20,0,0,0,1,0,0
Chubut,4/17/20,0,0,0,1,0,0
Chubut,4/18/20,0,0,0,1,0,0
Chubut,4/19/20,1,0,0,2,0,0
Chubut,4/20/20,0,0,0,2,0,0
Ciudad Autónoma de Buenos Aires,1/22/20,0,0,0,0,0,0
Ciudad Autónoma de Buenos Aires,1/23/20,0,0,0,0,0,0
Ciudad Autónoma de Buenos Aires,1/24/20,0,0,0,0,0,0
Ciudad Autónoma de Buenos Aires,1/25/20,0,0,0,0,0,0
Ciudad Autónoma de Buenos Aires,1/26/20,0,0,0,0,0,0
Ciudad Autónoma de Buenos Aires,1/27/20,0,0,0,0,0,0
Ciudad Autónoma de Buenos Aires,1/28/20,0,0,0,0,0,0
Ciudad Autónoma de Buenos Aires,1/29/20,0,0,0,0,0,0
Ciudad Autónoma de Buenos Aires,1/30/20,0,0,0,0,0,0
Ciudad Autónoma de Buenos Aires,1/31/20,0,0,0,0,0,0
Ciudad Autónoma de Buenos Aires,2/1/20,0,0,0,0,0,0
Ciudad Autónoma de Buenos Aires,2/2/20,0,0,0,0,0,0
Ciudad Autónoma de Buenos Aires,2/3/20,0,0,0,0,0,0
Ciudad Autónoma de Buenos Aires,2/4/20,0,0,0,0,0,0
Ciudad Autónoma de Buenos Aires,2/5/20,0,0,0,0,0,0
Ciudad Autónoma de Buenos Aires,2/6/20,0,0,0,0,0,0
Ciudad Autónoma de Buenos Aires,2/7/20,0,0,0,0,0,0
Ciudad Autónoma de Buenos Aires,2/8/20,0,0,0,0,0,0
Ciudad Autónoma de Buenos Aires,2/9/20,0,0,0,0,0,0
Ciudad Autónoma de Buenos Aires,2/10/20,0,0,0,0,0,0
Ciudad Autónoma de Buenos Aires,2/11/20,0,0,0,0,0,0
Ciudad Autónoma de Buenos Aires,2/12/20,0,0,0,0,0,0
Ciudad Autónoma de Buenos Aires,2/13/20,0,0,0,0,0,0
Ciudad Autónoma de Buenos Aires,2/14/20,0,0,0,0,0,0
Ciudad Autónoma de Buenos Aires,2/15/20,0,0,0,0,0,0
Ciudad Autónoma de Buenos Aires,2/16/20,0,0,0,0,0,0
Ciudad Autónoma de Buenos Aires,2/17/20,0,0,0,0,0,0
Ciudad Autónoma de Buenos Aires,2/18/20,0,0,0,0,0,0
Ciudad Autónoma de Buenos Aires,2/19/20,0,0,0,0,0,0
Ciudad Autónoma de Buenos Aires,2/20/20,0,0,0,0,0,0
Ciudad Autónoma de Buenos Aires,2/21/20,0,0,0,0,0,0
Ciudad Autónoma de Buenos Aires,2/22/20,0,0,0,0,0,0
Ciudad Autónoma de Buenos Aires,2/23/20,0,0,0,0,0,0
Ciudad Autónoma de Buenos Aires,2/24/20,0,0,0,0,0,0
Ciudad Autónoma de Buenos Aires,2/25/20,0,0,0,0,0,0
Ciudad Autónoma de Buenos Aires,2/26/20,0,0,0,0,0,0
Ciudad Autónoma de Buenos Aires,2/27/20,0,0,0,0,0,0
Ciudad Autónoma de Buenos Aires,2/28/20,0,0,0,0,0,0
Ciudad Autónoma de Buenos Aires,2/29/20,0,0,0,0,0,0
Ciudad Autónoma de Buenos Aires,3/1/20,0,0,0,0,0,0
Ciudad Autónoma de Buenos Aires,3/2/20,0,0,0,0,0,0
Ciudad Autónoma de Buenos Aires,3/3/20,1,0,0,1,0,0
Ciudad Autónoma de Buenos Aires,3/4/20,0,0,0,1,0,0
Ciudad Autónoma de Buenos Aires,3/5/20,1,0,0,2,0,0
Ciudad Autónoma de Buenos Aires,3/6/20,4,0,0,6,0,0
Ciudad Autónoma de Buenos Aires,3/7/20,1,1,1,7,1,1
Ciudad Autónoma de Buenos Aires,3/8/20,2,0,0,9,1,1
Ciudad Autónoma de Buenos Aires,3/9/20,1,0,0,10,1,1
Ciudad Autónoma de Buenos Aires,3/10/20,1,0,0,11,1,1
Ciudad Autónoma de Buenos Aires,3/11/20,1,0,0,12,1,1
Ciudad Autónoma de Buenos Aires,3/12/20,3,0,1,15,1,2
Ciudad Autónoma de Buenos Aires,3/13/20,2,0,3,17,1,5
Ciudad Autónoma de Buenos Aires,3/14/20,9,0,7,26,1,12
Ciudad Autónoma de Buenos Aires,3/15/20,6,0,0,32,1,12
Ciudad Autónoma de Buenos Aires,3/16/20,5,0,0,37,1,12
Ciudad Autónoma de Buenos Aires,3/17/20,4,0,7,41,1,19
Ciudad Autónoma de Buenos Aires,3/18/20,10,1,4,51,2,23
Ciudad Autónoma de Buenos Aires,3/19/20,8,0,6,59,2,29
Ciudad Autónoma de Buenos Aires,3/20/20,9,0,4,68,2,33
Ciudad Autónoma de Buenos Aires,3/21/20,29,0,2,97,2,35
Ciudad Autónoma de Buenos Aires,3/22/20,12,0,11,109,2,46
Ciudad Autónoma de Buenos Aires,3/23/20,11,0,5,120,2,51
Ciudad Autónoma de Buenos Aires,3/24/20,30,0,0,150,2,51
Ciudad Autónoma de Buenos Aires,3/25/20,21,1,10,171,3,61
Ciudad Autónoma de Buenos Aires,3/26/20,30,1,4,201,4,65
Ciudad Autónoma de Buenos Aires,3/27/20,43,1,9,244,5,74
Ciudad Autónoma de Buenos Aires,3/28/20,18,1,13,262,6,87
Ciudad Autónoma de Buenos Aires,3/29/20,13,0,0,275,6,87
Ciudad Autónoma de Buenos Aires,3/30/20,34,0,0,309,6,87
Ciudad Autónoma de Buenos Aires,3/31/20,19,0,0,328,6,87
Ciudad Autónoma de Buenos Aires,4/1/20,10,1,0,338,7,87
Ciudad Autónoma de Buenos Aires,4/2/20,24,0,0,362,7,87
Ciudad Autónoma de Buenos Aires,4/3/20,28,0,0,390,7,87
Ciudad Autónoma de Buenos Aires,4/4/20,34,0,0,424,7,87
Ciudad Autónoma de Buenos Aires,4/5/20,32,1,0,456,8,87
Ciudad Autónoma de Buenos Aires,4/6/20,17,4,12,473,12,99
Ciudad Autónoma de Buenos Aires,4/7/20,24,2,0,497,14,99
Ciudad Autónoma de Buenos Aires,4/8/20,24,2,19,521,16,118
Ciudad Autónoma de Buenos Aires,4/9/20,23,5,0,544,21,118
Ciudad Autónoma de Buenos Aires,4/10/20,11,1,0,555,22,118
Ciudad Autónoma de Buenos Aires,4/11/20,46,3,0,601,25,118
Ciudad Autónoma de Buenos Aires,4/12/20,8,1,0,609,26,118
Ciudad Autónoma de Buenos Aires,4/13/20,29,1,12,638,27,130
Ciudad Autónoma de Buenos Aires,4/14/20,22,1,14,660,28,144
Ciudad Autónoma de Buenos Aires,4/15/20,30,1,12,690,29,156
Ciudad Autónoma de Buenos Aires,4/16/20,15,3,0,705,32,156
Ciudad Autónoma de Buenos Aires,4/17/20,14,1,0,719,33,156
Ciudad Autónoma de Buenos Aires,4/18/20,14,1,0,733,34,156
Ciudad Autónoma de Buenos Aires,4/19/20,15,0,0,748,34,156
Ciudad Autónoma de Buenos Aires,4/20/20,22,1,8,770,35,164
Corrientes,1/22/20,0,0,0,0,0,0
Corrientes,1/23/20,0,0,0,0,0,0
Corrientes,1/24/20,0,0,0,0,0,0
Corrientes,1/25/20,0,0,0,0,0,0
Corrientes,1/26/20,0,0,0,0,0,0
Corrientes,1/27/20,0,0,0,0,0,0
Corrientes,1/28/20,0,0,0,0,0,0
Corrientes,1/29/20,0,0,0,0,0,0
Corrientes,1/30/20,0,0,0,0,0,0
Corrientes,1/31/20,0,0,0,0,0,0
Corrientes,2/1/20,0,0,0,0,0,0
Corrientes,2/2/20,0,0,0,0,0,0
Corrientes,2/3/20,0,0,0,0,0,0
Corrientes,2/4/20,0,0,0,0,0,0
Corrientes,2/5/20,0,0,0,0,0,0
Corrientes,2/6/20,0,0,0,0,0,0
Corrientes,2/7/20,0,0,0,0,0,0
Corrientes,2/8/20,0,0,0,0,0,0
Corrientes,2/9/20,0,0,0,0,0,0
Corrientes,2/10/20,0,0,0,0,0,0
Corrientes,2/11/20,0,0,0,0,0,0
Corrientes,2/12/20,0,0,0,0,0,0
Corrientes,2/13/20,0,0,0,0,0,0
Corrientes,2/14/20,0,0,0,0,0,0
Corrientes,2/15/20,0,0,0,0,0,0
Corrientes,2/16/20,0,0,0,0,0,0
Corrientes,2/17/20,0,0,0,0,0,0
Corrientes,2/18/20,0,0,0,0,0,0
Corrientes,2/19/20,0,0,0,0,0,0
Corrientes,2/20/20,0,0,0,0,0,0
Corrientes,2/21/20,0,0,0,0,0,0
Corrientes,2/22/20,0,0,0,0,0,0
Corrientes,2/23/20,0,0,0,0,0,0
Corrientes,2/24/20,0,0,0,0,0,0
Corrientes,2/25/20,0,0,0,0,0,0
Corrientes,2/26/20,0,0,0,0,0,0
Corrientes,2/27/20,0,0,0,0,0,0
Corrientes,2/28/20,0,0,0,0,0,0
Corrientes,2/29/20,0,0,0,0,0,0
Corrientes,3/1/20,0,0,0,0,0,0
Corrientes,3/2/20,0,0,0,0,0,0
Corrientes,3/3/20,0,0,0,0,0,0
Corrientes,3/4/20,0,0,0,0,0,0
Corrientes,3/5/20,0,0,0,0,0,0
Corrientes,3/6/20,0,0,0,0,0,0
Corrientes,3/7/20,0,0,0,0,0,0
Corrientes,3/8/20,0,0,0,0,0,0
Corrientes,3/9/20,0,0,0,0,0,0
Corrientes,3/10/20,0,0,0,0,0,0
Corrientes,3/11/20,0,0,0,0,0,0
Corrientes,3/12/20,0,0,0,0,0,0
Corrientes,3/13/20,0,0,0,0,0,0
Corrientes,3/14/20,0,0,0,0,0,0
Corrientes,3/15/20,0,0,0,0,0,0
Corrientes,3/16/20,0,0,0,0,0,0
Corrientes,3/17/20,0,0,0,0,0,0
Corrientes,3/18/20,0,0,0,0,0,0
Corrientes,3/19/20,0,0,0,0,0,0
Corrientes,3/20/20,1,0,0,1,0,0
Corrientes,3/21/20,2,0,0,3,0,0
Corrientes,3/22/20,0,0,0,3,0,0
Corrientes,3/23/20,0,0,0,3,0,0
Corrientes,3/24/20,0,0,0,3,0,0
Corrientes,3/25/20,0,0,0,3,0,0
Corrientes,3/26/20,0,0,0,3,0,0
Corrientes,3/27/20,2,0,0,5,0,0
Corrientes,3/28/20,4,0,0,9,0,0
Corrientes,3/29/20,1,0,0,10,0,0
Corrientes,3/30/20,10,0,0,20,0,0
Corrientes,3/31/20,1,0,0,21,0,0
Corrientes,4/1/20,1,0,0,22,0,0
Corrientes,4/2/20,1,0,0,23,0,0
Corrientes,4/3/20,0,0,0,23,0,0
Corrientes,4/4/20,0,0,0,23,0,0
Corrientes,4/5/20,0,0,0,23,0,0
Corrientes,4/6/20,2,0,0,25,0,0
Corrientes,4/7/20,0,0,0,25,0,0
Corrientes,4/8/20,0,0,0,25,0,0
Corrientes,4/9/20,0,0,0,25,0,0
Corrientes,4/10/20,0,0,0,25,0,0
Corrientes,4/11/20,0,0,5,25,0,5
Corrientes,4/12/20,0,0,0,25,0,5
Corrientes,4/13/20,7,0,0,32,0,5
Corrientes,4/14/20,1,0,0,33,0,5
Corrientes,4/15/20,-1,0,0,32,0,5
Corrientes,4/16/20,0,0,2,32,0,7
Corrientes,4/17/20,0,0,1,32,0,8
Corrientes,4/18/20,0,0,1,32,0,9
Corrientes,4/19/20,0,0,1,32,0,10
Corrientes,4/20/20,3,0,2,35,0,12
Córdoba,1/22/20,0,0,0,0,0,0
Córdoba,1/23/20,0,0,0,0,0,0
Córdoba,1/24/20,0,0,0,0,0,0
Córdoba,1/25/20,0,0,0,0,0,0
Córdoba,1/26/20,0,0,0,0,0,0
Córdoba,1/27/20,0,0,0,0,0,0
Córdoba,1/28/20,0,0,0,0,0,0
Córdoba,1/29/20,0,0,0,0,0,0
Córdoba,1/30/20,0,0,0,0,0,0
Córdoba,1/31/20,0,0,0,0,0,0
Córdoba,2/1/20,0,0,0,0,0,0
Córdoba,2/2/20,0,0,0,0,0,0
Córdoba,2/3/20,0,0,0,0,0,0
Córdoba,2/4/20,0,0,0,0,0,0
Córdoba,2/5/20,0,0,0,0,0,0
Córdoba,2/6/20,0,0,0,0,0,0
Córdoba,2/7/20,0,0,0,0,0,0
Córdoba,2/8/20,0,0,0,0,0,0
Córdoba,2/9/20,0,0,0,0,0,0
Córdoba,2/10/20,0,0,0,0,0,0
Córdoba,2/11/20,0,0,0,0,0,0
Córdoba,2/12/20,0,0,0,0,0,0
Córdoba,2/13/20,0,0,0,0,0,0
Córdoba,2/14/20,0,0,0,0,0,0
Córdoba,2/15/20,0,0,0,0,0,0
Córdoba,2/16/20,0,0,0,0,0,0
Córdoba,2/17/20,0,0,0,0,0,0
Córdoba,2/18/20,0,0,0,0,0,0
Córdoba,2/19/20,0,0,0,0,0,0
Córdoba,2/20/20,0,0,0,0,0,0
Córdoba,2/21/20,0,0,0,0,0,0
Córdoba,2/22/20,0,0,0,0,0,0
Córdoba,2/23/20,0,0,0,0,0,0
Córdoba,2/24/20,0,0,0,0,0,0
Córdoba,2/25/20,0,0,0,0,0,0
Córdoba,2/26/20,0,0,0,0,0,0
Córdoba,2/27/20,0,0,0,0,0,0
Córdoba,2/28/20,0,0,0,0,0,0
Córdoba,2/29/20,0,0,0,0,0,0
Córdoba,3/1/20,0,0,0,0,0,0
Córdoba,3/2/20,0,0,0,0,0,0
Córdoba,3/3/20,0,0,0,0,0,0
Córdoba,3/4/20,0,0,0,0,0,0
Córdoba,3/5/20,0,0,0,0,0,0
Córdoba,3/6/20,1,0,0,1,0,0
Córdoba,3/7/20,0,0,0,1,0,0
Córdoba,3/8/20,0,0,0,1,0,0
Córdoba,3/9/20,0,0,0,1,0,0
Córdoba,3/10/20,0,0,0,1,0,0
Córdoba,3/11/20,0,0,0,1,0,0
Córdoba,3/12/20,2,0,0,3,0,0
Córdoba,3/13/20,0,0,0,3,0,0
Córdoba,3/14/20,0,0,0,3,0,0
Córdoba,3/15/20,0,0,0,3,0,0
Córdoba,3/16/20,0,0,0,3,0,0
Córdoba,3/17/20,2,0,0,5,0,0
Córdoba,3/18/20,1,0,0,6,0,0
Córdoba,3/19/20,3,0,0,9,0,0
Córdoba,3/20/20,5,0,0,14,0,0
Córdoba,3/21/20,4,0,0,18,0,0
Córdoba,3/22/20,8,0,0,26,0,0
Córdoba,3/23/20,3,0,0,29,0,0
Córdoba,3/24/20,7,0,0,36,0,0
Córdoba,3/25/20,15,0,0,51,0,0
Córdoba,3/26/20,3,0,1,54,0,1
Córdoba,3/27/20,5,0,0,59,0,1
Córdoba,3/28/20,1,0,0,60,0,1
Córdoba,3/29/20,18,0,0,78,0,1
Córdoba,3/30/20,8,0,0,86,0,1
Córdoba,3/31/20,14,1,0,100,1,1
Córdoba,4/1/20,6,0,0,106,1,1
Córdoba,4/2/20,16,0,0,122,1,1
Córdoba,4/3/20,14,0,0,136,1,1
Córdoba,4/4/20,3,0,0,139,1,1
Córdoba,4/5/20,5,1,0,144,2,1
Córdoba,4/6/20,7,0,0,151,2,1
Córdoba,4/7/20,4,0,12,155,2,13
Córdoba,4/8/20,4,0,1,159,2,14
Córdoba,4/9/20,5,0,17,164,2,31
Córdoba,4/10/20,13,0,2,177,2,33
Córdoba,4/11/20,32,0,4,209,2,37
Córdoba,4/12/20,5,1,0,214,3,37
Córdoba,4/13/20,4,1,0,218,4,37
Córdoba,4/14/20,12,1,0,230,5,37
Córdoba,4/15/20,6,1,0,236,6,37
Córdoba,4/16/20,13,0,0,249,6,37
Córdoba,4/17/20,6,0,0,255,6,37
Córdoba,4/18/20,2,0,0,257,6,37
Córdoba,4/19/20,11,1,0,268,7,37
Córdoba,4/20/20,11,4,4,279,11,41
Entre Ríos,1/22/20,0,0,0,0,0,0
Entre Ríos,1/23/20,0,0,0,0,0,0
Entre Ríos,1/24/20,0,0,0,0,0,0
Entre Ríos,1/25/20,0,0,0,0,0,0
Entre Ríos,1/26/20,0,0,0,0,0,0
Entre Ríos,1/27/20,0,0,0,0,0,0
Entre Ríos,1/28/20,0,0,0,0,0,0
Entre Ríos,1/29/20,0,0,0,0,0,0
Entre Ríos,1/30/20,0,0,0,0,0,0
Entre Ríos,1/31/20,0,0,0,0,0,0
Entre Ríos,2/1/20,0,0,0,0,0,0
Entre Ríos,2/2/20,0,0,0,0,0,0
Entre Ríos,2/3/20,0,0,0,0,0,0
Entre Ríos,2/4/20,0,0,0,0,0,0
Entre Ríos,2/5/20,0,0,0,0,0,0
Entre Ríos,2/6/20,0,0,0,0,0,0
Entre Ríos,2/7/20,0,0,0,0,0,0
Entre Ríos,2/8/20,0,0,0,0,0,0
Entre Ríos,2/9/20,0,0,0,0,0,0
Entre Ríos,2/10/20,0,0,0,0,0,0
Entre Ríos,2/11/20,0,0,0,0,0,0
Entre Ríos,2/12/20,0,0,0,0,0,0
Entre Ríos,2/13/20,0,0,0,0,0,0
Entre Ríos,2/14/20,0,0,0,0,0,0
Entre Ríos,2/15/20,0,0,0,0,0,0
Entre Ríos,2/16/20,0,0,0,0,0,0
Entre Ríos,2/17/20,0,0,0,0,0,0
Entre Ríos,2/18/20,0,0,0,0,0,0
Entre Ríos,2/19/20,0,0,0,0,0,0
Entre Ríos,2/20/20,0,0,0,0,0,0
Entre Ríos,2/21/20,0,0,0,0,0,0
Entre Ríos,2/22/20,0,0,0,0,0,0
Entre Ríos,2/23/20,0,0,0,0,0,0
Entre Ríos,2/24/20,0,0,0,0,0,0
Entre Ríos,2/25/20,0,0,0,0,0,0
Entre Ríos,2/26/20,0,0,0,0,0,0
Entre Ríos,2/27/20,0,0,0,0,0,0
Entre Ríos,2/28/20,0,0,0,0,0,0
Entre Ríos,2/29/20,0,0,0,0,0,0
Entre Ríos,3/1/20,0,0,0,0,0,0
Entre Ríos,3/2/20,0,0,0,0,0,0
Entre Ríos,3/3/20,0,0,0,0,0,0
Entre Ríos,3/4/20,0,0,0,0,0,0
Entre Ríos,3/5/20,0,0,0,0,0,0
Entre Ríos,3/6/20,0,0,0,0,0,0
Entre Ríos,3/7/20,0,0,0,0,0,0
Entre Ríos,3/8/20,0,0,0,0,0,0
Entre Ríos,3/9/20,0,0,0,0,0,0
Entre Ríos,3/10/20,0,0,0,0,0,0
Entre Ríos,3/11/20,0,0,0,0,0,0
Entre Ríos,3/12/20,0,0,0,0,0,0
Entre Ríos,3/13/20,0,0,0,0,0,0
Entre Ríos,3/14/20,0,0,0,0,0,0
Entre Ríos,3/15/20,0,0,0,0,0,0
Entre Ríos,3/16/20,0,0,0,0,0,0
Entre Ríos,3/17/20,1,0,0,1,0,0
Entre Ríos,3/18/20,1,0,0,2,0,0
Entre Ríos,3/19/20,0,0,0,2,0,0
Entre Ríos,3/20/20,1,0,0,3,0,0
Entre Ríos,3/21/20,0,0,0,3,0,0
Entre Ríos,3/22/20,0,0,0,3,0,0
Entre Ríos,3/23/20,0,0,0,3,0,0
Entre Ríos,3/24/20,0,0,0,3,0,0
Entre Ríos,3/25/20,3,0,0,6,0,0
Entre Ríos,3/26/20,0,0,0,6,0,0
Entre Ríos,3/27/20,3,0,0,9,0,0
Entre Ríos,3/28/20,0,0,0,9,0,0
Entre Ríos,3/29/20,0,0,0,9,0,0
Entre Ríos,3/30/20,3,0,0,12,0,0
Entre Ríos,3/31/20,0,0,0,12,0,0
Entre Ríos,4/1/20,1,0,0,13,0,0
Entre Ríos,4/2/20,2,0,0,15,0,0
Entre Ríos,4/3/20,2,0,0,17,0,0
Entre Ríos,4/4/20,0,0,0,17,0,0
Entre Ríos,4/5/20,1,0,0,18,0,0
Entre Ríos,4/6/20,0,0,0,18,0,0
Entre Ríos,4/7/20,1,0,0,19,0,0
Entre Ríos,4/8/20,1,0,0,20,0,0
Entre Ríos,4/9/20,1,0,0,21,0,0
Entre Ríos,4/10/20,0,0,0,21,0,0
Entre Ríos,4/11/20,0,0,0,21,0,0
Entre Ríos,4/12/20,0,0,0,21,0,0
Entre Ríos,4/13/20,0,0,0,21,0,0
Entre Ríos,4/14/20,0,0,3,21,0,3
Entre Ríos,4/15/20,0,0,0,21,0,3
Entre Ríos,4/16/20,1,0,0,22,0,3
Entre Ríos,4/17/20,0,0,0,22,0,3
Entre Ríos,4/18/20,0,0,1,22,0,4
Entre Ríos,4/19/20,0,0,2,22,0,6
Entre Ríos,4/20/20,0,0,0,22,0,6
Formosa,1/22/20,0,0,0,0,0,0
Formosa,1/23/20,0,0,0,0,0,0
Formosa,1/24/20,0,0,0,0,0,0
Formosa,1/25/20,0,0,0,0,0,0
Formosa,1/26/20,0,0,0,0,0,0
Formosa,1/27/20,0,0,0,0,0,0
Formosa,1/28/20,0,0,0,0,0,0
Formosa,1/29/20,0,0,0,0,0,0
Formosa,1/30/20,0,0,0,0,0,0
Formosa,1/31/20,0,0,0,0,0,0
Formosa,2/1/20,0,0,0,0,0,0
Formosa,2/2/20,0,0,0,0,0,0
Formosa,2/3/20,0,0,0,0,0,0
Formosa,2/4/20,0,0,0,0,0,0
Formosa,2/5/20,0,0,0,0,0,0
Formosa,2/6/20,0,0,0,0,0,0
Formosa,2/7/20,0,0,0,0,0,0
Formosa,2/8/20,0,0,0,0,0,0
Formosa,2/9/20,0,0,0,0,0,0
Formosa,2/10/20,0,0,0,0,0,0
Formosa,2/11/20,0,0,0,0,0,0
Formosa,2/12/20,0,0,0,0,0,0
Formosa,2/13/20,0,0,0,0,0,0
Formosa,2/14/20,0,0,0,0,0,0
Formosa,2/15/20,0,0,0,0,0,0
Formosa,2/16/20,0,0,0,0,0,0
Formosa,2/17/20,0,0,0,0,0,0
Formosa,2/18/20,0,0,0,0,0,0
Formosa,2/19/20,0,0,0,0,0,0
Formosa,2/20/20,0,0,0,0,0,0
Formosa,2/21/20,0,0,0,0,0,0
Formosa,2/22/20,0,0,0,0,0,0
Formosa,2/23/20,0,0,0,0,0,0
Formosa,2/24/20,0,0,0,0,0,0
Formosa,2/25/20,0,0,0,0,0,0
Formosa,2/26/20,0,0,0,0,0,0
Formosa,2/27/20,0,0,0,0,0,0
Formosa,2/28/20,0,0,0,0,0,0
Formosa,2/29/20,0,0,0,0,0,0
Formosa,3/1/20,0,0,0,0,0,0
Formosa,3/2/20,0,0,0,0,0,0
Formosa,3/3/20,0,0,0,0,0,0
Formosa,3/4/20,0,0,0,0,0,0
Formosa,3/5/20,0,0,0,0,0,0
Formosa,3/6/20,0,0,0,0,0,0
Formosa,3/7/20,0,0,0,0,0,0
Formosa,3/8/20,0,0,0,0,0,0
Formosa,3/9/20,0,0,0,0,0,0
Formosa,3/10/20,0,0,0,0,0,0
Formosa,3/11/20,0,0,0,0,0,0
Formosa,3/12/20,0,0,0,0,0,0
Formosa,3/13/20,0,0,0,0,0,0
Formosa,3/14/20,0,0,0,0,0,0
Formosa,3/15/20,0,0,0,0,0,0
Formosa,3/16/20,0,0,0,0,0,0
Formosa,3/17/20,0,0,0,0,0,0
Formosa,3/18/20,0,0,0,0,0,0
Formosa,3/19/20,0,0,0,0,0,0
Formosa,3/20/20,0,0,0,0,0,0
Formosa,3/21/20,0,0,0,0,0,0
Formosa,3/22/20,0,0,0,0,0,0
Formosa,3/23/20,0,0,0,0,0,0
Formosa,3/24/20,0,0,0,0,0,0
Formosa,3/25/20,0,0,0,0,0,0
Formosa,3/26/20,0,0,0,0,0,0
Formosa,3/27/20,0,0,0,0,0,0
Formosa,3/28/20,0,0,0,0,0,0
Formosa,3/29/20,0,0,0,0,0,0
Formosa,3/30/20,0,0,0,0,0,0
Formosa,3/31/20,0,0,0,0,0,0
Formosa,4/1/20,0,0,0,0,0,0
Formosa,4/2/20,0,0,0,0,0,0
Formosa,4/3/20,0,0,0,0,0,0
Formosa,4/4/20,0,0,0,0,0,0
Formosa,4/5/20,0,0,0,0,0,0
Formosa,4/6/20,0,0,0,0,0,0
Formosa,4/7/20,0,0,0,0,0,0
Formosa,4/8/20,0,0,0,0,0,0
Formosa,4/9/20,0,0,0,0,0,0
Formosa,4/10/20,0,0,0,0,0,0
Formosa,4/11/20,0,0,0,0,0,0
Formosa,4/12/20,0,0,0,0,0,0
Formosa,4/13/20,0,0,0,0,0,0
Formosa,4/14/20,0,0,0,0,0,0
Formosa,4/15/20,0,0,0,0,0,0
Formosa,4/16/20,0,0,0,0,0,0
Formosa,4/17/20,0,0,0,0,0,0
Formosa,4/18/20,0,0,0,0,0,0
Formosa,4/19/20,0,0,0,0,0,0
Formosa,4/20/20,0,0,0,0,0,0
Jujuy,1/22/20,0,0,0,0,0,0
Jujuy,1/23/20,0,0,0,0,0,0
Jujuy,1/24/20,0,0,0,0,0,0
Jujuy,1/25/20,0,0,0,0,0,0
Jujuy,1/26/20,0,0,0,0,0,0
Jujuy,1/27/20,0,0,0,0,0,0
Jujuy,1/28/20,0,0,0,0,0,0
Jujuy,1/29/20,0,0,0,0,0,0
Jujuy,1/30/20,0,0,0,0,0,0
Jujuy,1/31/20,0,0,0,0,0,0
Jujuy,2/1/20,0,0,0,0,0,0
Jujuy,2/2/20,0,0,0,0,0,0
Jujuy,2/3/20,0,0,0,0,0,0
Jujuy,2/4/20,0,0,0,0,0,0
Jujuy,2/5/20,0,0,0,0,0,0
Jujuy,2/6/20,0,0,0,0,0,0
Jujuy,2/7/20,0,0,0,0,0,0
Jujuy,2/8/20,0,0,0,0,0,0
Jujuy,2/9/20,0,0,0,0,0,0
Jujuy,2/10/20,0,0,0,0,0,0
Jujuy,2/11/20,0,0,0,0,0,0
Jujuy,2/12/20,0,0,0,0,0,0
Jujuy,2/13/20,0,0,0,0,0,0
Jujuy,2/14/20,0,0,0,0,0,0
Jujuy,2/15/20,0,0,0,0,0,0
Jujuy,2/16/20,0,0,0,0,0,0
Jujuy,2/17/20,0,0,0,0,0,0
Jujuy,2/18/20,0,0,0,0,0,0
Jujuy,2/19/20,0,0,0,0,0,0
Jujuy,2/20/20,0,0,0,0,0,0
Jujuy,2/21/20,0,0,0,0,0,0
Jujuy,2/22/20,0,0,0,0,0,0
Jujuy,2/23/20,0,0,0,0,0,0
Jujuy,2/24/20,0,0,0,0,0,0
Jujuy,2/25/20,0,0,0,0,0,0
Jujuy,2/26/20,0,0,0,0,0,0
Jujuy,2/27/20,0,0,0,0,0,0
Jujuy,2/28/20,0,0,0,0,0,0
Jujuy,2/29/20,0,0,0,0,0,0
Jujuy,3/1/20,0,0,0,0,0,0
Jujuy,3/2/20,0,0,0,0,0,0
Jujuy,3/3/20,0,0,0,0,0,0
Jujuy,3/4/20,0,0,0,0,0,0
Jujuy,3/5/20,0,0,0,0,0,0
Jujuy,3/6/20,0,0,0,0,0,0
Jujuy,3/7/20,0,0,0,0,0,0
Jujuy,3/8/20,0,0,0,0,0,0
Jujuy,3/9/20,0,0,0,0,0,0
Jujuy,3/10/20,0,0,0,0,0,0
Jujuy,3/11/20,0,0,0,0,0,0
Jujuy,3/12/20,0,0,0,0,0,0
Jujuy,3/13/20,0,0,0,0,0,0
Jujuy,3/14/20,0,0,0,0,0,0
Jujuy,3/15/20,0,0,0,0,0,0
Jujuy,3/16/20,0,0,0,0,0,0
Jujuy,3/17/20,1,0,0,1,0,0
Jujuy,3/18/20,0,0,0,1,0,0
Jujuy,3/19/20,0,0,0,1,0,0
Jujuy,3/20/20,0,0,0,1,0,0
Jujuy,3/21/20,0,0,0,1,0,0
Jujuy,3/22/20,0,0,0,1,0,0
Jujuy,3/23/20,0,0,0,1,0,0
Jujuy,3/24/20,0,0,0,1,0,0
Jujuy,3/25/20,0,0,0,1,0,0
Jujuy,3/26/20,2,0,0,3,0,0
Jujuy,3/27/20,0,0,0,3,0,0
Jujuy,3/28/20,0,0,1,3,0,1
Jujuy,3/29/20,0,0,0,3,0,1
Jujuy,3/30/20,0,0,0,3,0,1
Jujuy,3/31/20,0,0,0,3,0,1
Jujuy,4/1/20,0,0,0,3,0,1
Jujuy,4/2/20,2,0,1,5,0,2
Jujuy,4/3/20,0,0,1,5,0,3
Jujuy,4/4/20,0,0,0,5,0,3
Jujuy,4/5/20,0,0,0,5,0,3
Jujuy,4/6/20,0,0,0,5,0,3
Jujuy,4/7/20,0,0,0,5,0,3
Jujuy,4/8/20,0,0,0,5,0,3
Jujuy,4/9/20,0,0,0,5,0,3
Jujuy,4/10/20,0,0,0,5,0,3
Jujuy,4/11/20,0,0,0,5,0,3
Jujuy,4/12/20,0,0,0,5,0,3
Jujuy,4/13/20,0,0,0,5,0,3
Jujuy,4/14/20,0,0,0,5,0,3
Jujuy,4/15/20,0,0,0,5,0,3
Jujuy,4/16/20,0,0,0,5,0,3
Jujuy,4/17/20,0,0,0,5,0,3
Jujuy,4/18/20,0,0,0,5,0,3
Jujuy,4/19/20,0,0,0,5,0,3
Jujuy,4/20/20,0,0,0,5,0,3
La Pampa,1/22/20,0,0,0,0,0,0
La Pampa,1/23/20,0,0,0,0,0,0
La Pampa,1/24/20,0,0,0,0,0,0
La Pampa,1/25/20,0,0,0,0,0,0
La Pampa,1/26/20,0,0,0,0,0,0
La Pampa,1/27/20,0,0,0,0,0,0
La Pampa,1/28/20,0,0,0,0,0,0
La Pampa,1/29/20,0,0,0,0,0,0
La Pampa,1/30/20,0,0,0,0,0,0
La Pampa,1/31/20,0,0,0,0,0,0
La Pampa,2/1/20,0,0,0,0,0,0
La Pampa,2/2/20,0,0,0,0,0,0
La Pampa,2/3/20,0,0,0,0,0,0
La Pampa,2/4/20,0,0,0,0,0,0
La Pampa,2/5/20,0,0,0,0,0,0
La Pampa,2/6/20,0,0,0,0,0,0
La Pampa,2/7/20,0,0,0,0,0,0
La Pampa,2/8/20,0,0,0,0,0,0
La Pampa,2/9/20,0,0,0,0,0,0
La Pampa,2/10/20,0,0,0,0,0,0
La Pampa,2/11/20,0,0,0,0,0,0
La Pampa,2/12/20,0,0,0,0,0,0
La Pampa,2/13/20,0,0,0,0,0,0
La Pampa,2/14/20,0,0,0,0,0,0
La Pampa,2/15/20,0,0,0,0,0,0
La Pampa,2/16/20,0,0,0,0,0,0
La Pampa,2/17/20,0,0,0,0,0,0
La Pampa,2/18/20,0,0,0,0,0,0
La Pampa,2/19/20,0,0,0,0,0,0
La Pampa,2/20/20,0,0,0,0,0,0
La Pampa,2/21/20,0,0,0,0,0,0
La Pampa,2/22/20,0,0,0,0,0,0
La Pampa,2/23/20,0,0,0,0,0,0
La Pampa,2/24/20,0,0,0,0,0,0
La Pampa,2/25/20,0,0,0,0,0,0
La Pampa,2/26/20,0,0,0,0,0,0
La Pampa,2/27/20,0,0,0,0,0,0
La Pampa,2/28/20,0,0,0,0,0,0
La Pampa,2/29/20,0,0,0,0,0,0
La Pampa,3/1/20,0,0,0,0,0,0
La Pampa,3/2/20,0,0,0,0,0,0
La Pampa,3/3/20,0,0,0,0,0,0
La Pampa,3/4/20,0,0,0,0,0,0
La Pampa,3/5/20,0,0,0,0,0,0
La Pampa,3/6/20,0,0,0,0,0,0
La Pampa,3/7/20,0,0,0,0,0,0
La Pampa,3/8/20,0,0,0,0,0,0
La Pampa,3/9/20,0,0,0,0,0,0
La Pampa,3/10/20,0,0,0,0,0,0
La Pampa,3/11/20,0,0,0,0,0,0
La Pampa,3/12/20,0,0,0,0,0,0
La Pampa,3/13/20,0,0,0,0,0,0
La Pampa,3/14/20,0,0,0,0,0,0
La Pampa,3/15/20,0,0,0,0,0,0
La Pampa,3/16/20,0,0,0,0,0,0
La Pampa,3/17/20,0,0,0,0,0,0
La Pampa,3/18/20,0,0,0,0,0,0
La Pampa,3/19/20,0,0,0,0,0,0
La Pampa,3/20/20,0,0,0,0,0,0
La Pampa,3/21/20,0,0,0,0,0,0
La Pampa,3/22/20,0,0,0,0,0,0
La Pampa,3/23/20,0,0,0,0,0,0
La Pampa,3/24/20,1,0,0,1,0,0
La Pampa,3/25/20,0,0,0,1,0,0
La Pampa,3/26/20,0,0,0,1,0,0
La Pampa,3/27/20,0,0,0,1,0,0
La Pampa,3/28/20,0,0,0,1,0,0
La Pampa,3/29/20,2,0,0,3,0,0
La Pampa,3/30/20,0,0,0,3,0,0
La Pampa,3/31/20,0,0,0,3,0,0
La Pampa,4/1/20,0,0,0,3,0,0
La Pampa,4/2/20,0,0,0,3,0,0
La Pampa,4/3/20,0,0,0,3,0,0
La Pampa,4/4/20,0,0,0,3,0,0
La Pampa,4/5/20,0,0,0,3,0,0
La Pampa,4/6/20,0,0,0,3,0,0
La Pampa,4/7/20,0,0,0,3,0,0
La Pampa,4/8/20,0,0,0,3,0,0
La Pampa,4/9/20,0,0,0,3,0,0
La Pampa,4/10/20,1,0,0,4,0,0
La Pampa,4/11/20,0,0,0,4,0,0
La Pampa,4/12/20,0,0,0,4,0,0
La Pampa,4/13/20,0,0,0,4,0,0
La Pampa,4/14/20,0,0,2,4,0,2
La Pampa,4/15/20,0,0,0,4,0,2
La Pampa,4/16/20,0,0,0,4,0,2
La Pampa,4/17/20,0,0,0,4,0,2
La Pampa,4/18/20,0,0,0,4,0,2
La Pampa,4/19/20,0,0,0,4,0,2
La Pampa,4/20/20,0,0,0,4,0,2
La Rioja,1/22/20,0,0,0,0,0,0
La Rioja,1/23/20,0,0,0,0,0,0
La Rioja,1/24/20,0,0,0,0,0,0
La Rioja,1/25/20,0,0,0,0,0,0
La Rioja,1/26/20,0,0,0,0,0,0
La Rioja,1/27/20,0,0,0,0,0,0
La Rioja,1/28/20,0,0,0,0,0,0
La Rioja,1/29/20,0,0,0,0,0,0
La Rioja,1/30/20,0,0,0,0,0,0
La Rioja,1/31/20,0,0,0,0,0,0
La Rioja,2/1/20,0,0,0,0,0,0
La Rioja,2/2/20,0,0,0,0,0,0
La Rioja,2/3/20,0,0,0,0,0,0
La Rioja,2/4/20,0,0,0,0,0,0
La Rioja,2/5/20,0,0,0,0,0,0
La Rioja,2/6/20,0,0,0,0,0,0
La Rioja,2/7/20,0,0,0,0,0,0
La Rioja,2/8/20,0,0,0,0,0,0
La Rioja,2/9/20,0,0,0,0,0,0
La Rioja,2/10/20,0,0,0,0,0,0
La Rioja,2/11/20,0,0,0,0,0,0
La Rioja,2/12/20,0,0,0,0,0,0
La Rioja,2/13/20,0,0,0,0,0,0
La Rioja,2/14/20,0,0,0,0,0,0
La Rioja,2/15/20,0,0,0,0,0,0
La Rioja,2/16/20,0,0,0,0,0,0
La Rioja,2/17/20,0,0,0,0,0,0
La Rioja,2/18/20,0,0,0,0,0,0
La Rioja,2/19/20,0,0,0,0,0,0
La Rioja,2/20/20,0,0,0,0,0,0
La Rioja,2/21/20,0,0,0,0,0,0
La Rioja,2/22/20,0,0,0,0,0,0
La Rioja,2/23/20,0,0,0,0,0,0
La Rioja,2/24/20,0,0,0,0,0,0
La Rioja,2/25/20,0,0,0,0,0,0
La Rioja,2/26/20,0,0,0,0,0,0
La Rioja,2/27/20,0,0,0,0,0,0
La Rioja,2/28/20,0,0,0,0,0,0
La Rioja,2/29/20,0,0,0,0,0,0
La Rioja,3/1/20,0,0,0,0,0,0
La Rioja,3/2/20,0,0,0,0,0,0
La Rioja,3/3/20,0,0,0,0,0,0
La Rioja,3/4/20,0,0,0,0,0,0
La Rioja,3/5/20,0,0,0,0,0,0
La Rioja,3/6/20,0,0,0,0,0,0
La Rioja,3/7/20,0,0,0,0,0,0
La Rioja,3/8/20,0,0,0,0,0,0
La Rioja,3/9/20,0,0,0,0,0,0
La Rioja,3/10/20,0,0,0,0,0,0
La Rioja,3/11/20,0,0,0,0,0,0
La Rioja,3/12/20,0,0,0,0,0,0
La Rioja,3/13/20,0,0,0,0,0,0
La Rioja,3/14/20,0,0,0,0,0,0
La Rioja,3/15/20,0,0,0,0,0,0
La Rioja,3/16/20,0,0,0,0,0,0
La Rioja,3/17/20,0,0,0,0,0,0
La Rioja,3/18/20,0,0,0,0,0,0
La Rioja,3/19/20,0,0,0,0,0,0
La Rioja,3/20/20,0,0,0,0,0,0
La Rioja,3/21/20,0,0,0,0,0,0
La Rioja,3/22/20,0,0,0,0,0,0
La Rioja,3/23/20,0,0,0,0,0,0
La Rioja,3/24/20,0,0,0,0,0,0
La Rioja,3/25/20,0,0,0,0,0,0
La Rioja,3/26/20,0,0,0,0,0,0
La Rioja,3/27/20,0,0,0,0,0,0
La Rioja,3/28/20,0,0,0,0,0,0
La Rioja,3/29/20,1,0,0,1,0,0
La Rioja,3/30/20,0,0,0,1,0,0
La Rioja,3/31/20,0,1,0,1,1,0
La Rioja,4/1/20,0,0,0,1,1,0
La Rioja,4/2/20,3,0,0,4,1,0
La Rioja,4/3/20,0,0,0,4,1,0
La Rioja,4/4/20,2,0,0,6,1,0
La Rioja,4/5/20,2,0,0,8,1,0
La Rioja,4/6/20,1,0,0,9,1,0
La Rioja,4/7/20,0,0,0,9,1,0
La Rioja,4/8/20,0,0,0,9,1,0
La Rioja,4/9/20,5,0,0,14,1,0
La Rioja,4/10/20,0,0,0,14,1,0
La Rioja,4/11/20,4,0,0,18,1,0
La Rioja,4/12/20,1,0,0,19,1,0
La Rioja,4/13/20,3,1,0,22,2,0
La Rioja,4/14/20,6,0,0,28,2,0
La Rioja,4/15/20,3,1,0,31,3,0
La Rioja,4/16/20,0,0,0,31,3,0
La Rioja,4/17/20,3,1,0,34,4,0
La Rioja,4/18/20,1,0,0,35,4,0
La Rioja,4/19/20,4,0,0,39,4,0
La Rioja,4/20/20,0,0,0,39,4,0
Mendoza,1/22/20,0,0,0,0,0,0
Mendoza,1/23/20,0,0,0,0,0,0
Mendoza,1/24/20,0,0,0,0,0,0
Mendoza,1/25/20,0,0,0,0,0,0
Mendoza,1/26/20,0,0,0,0,0,0
Mendoza,1/27/20,0,0,0,0,0,0
Mendoza,1/28/20,0,0,0,0,0,0
Mendoza,1/29/20,0,0,0,0,0,0
Mendoza,1/30/20,0,0,0,0,0,0
Mendoza,1/31/20,0,0,0,0,0,0
Mendoza,2/1/20,0,0,0,0,0,0
Mendoza,2/2/20,0,0,0,0,0,0
Mendoza,2/3/20,0,0,0,0,0,0
Mendoza,2/4/20,0,0,0,0,0,0
Mendoza,2/5/20,0,0,0,0,0,0
Mendoza,2/6/20,0,0,0,0,0,0
Mendoza,2/7/20,0,0,0,0,0,0
Mendoza,2/8/20,0,0,0,0,0,0
Mendoza,2/9/20,0,0,0,0,0,0
Mendoza,2/10/20,0,0,0,0,0,0
Mendoza,2/11/20,0,0,0,0,0,0
Mendoza,2/12/20,0,0,0,0,0,0
Mendoza,2/13/20,0,0,0,0,0,0
Mendoza,2/14/20,0,0,0,0,0,0
Mendoza,2/15/20,0,0,0,0,0,0
Mendoza,2/16/20,0,0,0,0,0,0
Mendoza,2/17/20,0,0,0,0,0,0
Mendoza,2/18/20,0,0,0,0,0,0
Mendoza,2/19/20,0,0,0,0,0,0
Mendoza,2/20/20,0,0,0,0,0,0
Mendoza,2/21/20,0,0,0,0,0,0
Mendoza,2/22/20,0,0,0,0,0,0
Mendoza,2/23/20,0,0,0,0,0,0
Mendoza,2/24/20,0,0,0,0,0,0
Mendoza,2/25/20,0,0,0,0,0,0
Mendoza,2/26/20,0,0,0,0,0,0
Mendoza,2/27/20,0,0,0,0,0,0
Mendoza,2/28/20,0,0,0,0,0,0
Mendoza,2/29/20,0,0,0,0,0,0
Mendoza,3/1/20,0,0,0,0,0,0
Mendoza,3/2/20,0,0,0,0,0,0
Mendoza,3/3/20,0,0,0,0,0,0
Mendoza,3/4/20,0,0,0,0,0,0
Mendoza,3/5/20,0,0,0,0,0,0
Mendoza,3/6/20,0,0,0,0,0,0
Mendoza,3/7/20,0,0,0,0,0,0
Mendoza,3/8/20,0,0,0,0,0,0
Mendoza,3/9/20,0,0,0,0,0,0
Mendoza,3/10/20,0,0,0,0,0,0
Mendoza,3/11/20,0,0,0,0,0,0
Mendoza,3/12/20,0,0,0,0,0,0
Mendoza,3/13/20,0,0,0,0,0,0
Mendoza,3/14/20,0,0,0,0,0,0
Mendoza,3/15/20,0,0,0,0,0,0
Mendoza,3/16/20,0,0,0,0,0,0
Mendoza,3/17/20,0,0,0,0,0,0
Mendoza,3/18/20,0,0,0,0,0,0
Mendoza,3/19/20,0,0,0,0,0,0
Mendoza,3/20/20,0,0,0,0,0,0
Mendoza,3/21/20,5,0,0,5,0,0
Mendoza,3/22/20,0,0,0,5,0,0
Mendoza,3/23/20,0,0,0,5,0,0
Mendoza,3/24/20,0,0,0,5,0,0
Mendoza,3/25/20,1,0,0,6,0,0
Mendoza,3/26/20,1,0,0,7,0,0
Mendoza,3/27/20,1,1,0,8,1,0
Mendoza,3/28/20,1,0,0,9,1,0
Mendoza,3/29/20,1,0,0,10,1,0
Mendoza,3/30/20,3,0,0,13,1,0
Mendoza,3/31/20,2,0,0,15,1,0
Mendoza,4/1/20,10,0,0,25,1,0
Mendoza,4/2/20,0,1,1,25,2,1
Mendoza,4/3/20,2,1,0,27,3,1
Mendoza,4/4/20,0,0,0,27,3,1
Mendoza,4/5/20,2,0,1,29,3,2
Mendoza,4/6/20,1,0,1,30,3,3
Mendoza,4/7/20,2,1,0,32,4,3
Mendoza,4/8/20,2,0,0,34,4,3
Mendoza,4/9/20,2,0,0,36,4,3
Mendoza,4/10/20,9,0,0,45,4,3
Mendoza,4/11/20,5,0,0,50,4,3
Mendoza,4/12/20,3,0,0,53,4,3
Mendoza,4/13/20,2,0,0,55,4,3
Mendoza,4/14/20,3,0,3,58,4,6
Mendoza,4/15/20,1,0,0,59,4,6
Mendoza,4/16/20,0,1,0,59,5,6
Mendoza,4/17/20,5,2,0,64,7,6
Mendoza,4/18/20,1,0,0,65,7,6
Mendoza,4/19/20,3,0,0,68,7,6
Mendoza,4/20/20,1,1,0,69,8,6
Misiones,1/22/20,0,0,0,0,0,0
Misiones,1/23/20,0,0,0,0,0,0
Misiones,1/24/20,0,0,0,0,0,0
Misiones,1/25/20,0,0,0,0,0,0
Misiones,1/26/20,0,0,0,0,0,0
Misiones,1/27/20,0,0,0,0,0,0
Misiones,1/28/20,0,0,0,0,0,0
Misiones,1/29/20,0,0,0,0,0,0
Misiones,1/30/20,0,0,0,0,0,0
Misiones,1/31/20,0,0,0,0,0,0
Misiones,2/1/20,0,0,0,0,0,0
Misiones,2/2/20,0,0,0,0,0,0
Misiones,2/3/20,0,0,0,0,0,0
Misiones,2/4/20,0,0,0,0,0,0
Misiones,2/5/20,0,0,0,0,0,0
Misiones,2/6/20,0,0,0,0,0,0
Misiones,2/7/20,0,0,0,0,0,0
Misiones,2/8/20,0,0,0,0,0,0
Misiones,2/9/20,0,0,0,0,0,0
Misiones,2/10/20,0,0,0,0,0,0
Misiones,2/11/20,0,0,0,0,0,0
Misiones,2/12/20,0,0,0,0,0,0
Misiones,2/13/20,0,0,0,0,0,0
Misiones,2/14/20,0,0,0,0,0,0
Misiones,2/15/20,0,0,0,0,0,0
Misiones,2/16/20,0,0,0,0,0,0
Misiones,2/17/20,0,0,0,0,0,0
Misiones,2/18/20,0,0,0,0,0,0
Misiones,2/19/20,0,0,0,0,0,0
Misiones,2/20/20,0,0,0,0,0,0
Misiones,2/21/20,0,0,0,0,0,0
Misiones,2/22/20,0,0,0,0,0,0
Misiones,2/23/20,0,0,0,0,0,0
Misiones,2/24/20,0,0,0,0,0,0
Misiones,2/25/20,0,0,0,0,0,0
Misiones,2/26/20,0,0,0,0,0,0
Misiones,2/27/20,0,0,0,0,0,0
Misiones,2/28/20,0,0,0,0,0,0
Misiones,2/29/20,0,0,0,0,0,0
Misiones,3/1/20,0,0,0,0,0,0
Misiones,3/2/20,0,0,0,0,0,0
Misiones,3/3/20,0,0,0,0,0,0
Misiones,3/4/20,0,0,0,0,0,0
Misiones,3/5/20,0,0,0,0,0,0
Misiones,3/6/20,0,0,0,0,0,0
Misiones,3/7/20,0,0,0,0,0,0
Misiones,3/8/20,0,0,0,0,0,0
Misiones,3/9/20,0,0,0,0,0,0
Misiones,3/10/20,0,0,0,0,0,0
Misiones,3/11/20,0,0,0,0,0,0
Misiones,3/12/20,0,0,0,0,0,0
Misiones,3/13/20,0,0,0,0,0,0
Misiones,3/14/20,0,0,0,0,0,0
Misiones,3/15/20,0,0,0,0,0,0
Misiones,3/16/20,0,0,0,0,0,0
Misiones,3/17/20,0,0,0,0,0,0
Misiones,3/18/20,0,0,0,0,0,0
Misiones,3/19/20,0,0,0,0,0,0
Misiones,3/20/20,0,0,0,0,0,0
Misiones,3/21/20,0,0,0,0,0,0
Misiones,3/22/20,1,0,0,1,0,0
Misiones,3/23/20,0,0,0,1,0,0
Misiones,3/24/20,0,0,0,1,0,0
Misiones,3/25/20,0,0,0,1,0,0
Misiones,3/26/20,0,0,0,1,0,0
Misiones,3/27/20,1,0,0,2,0,0
Misiones,3/28/20,0,0,0,2,0,0
Misiones,3/29/20,1,0,0,3,0,0
Misiones,3/30/20,0,0,0,3,0,0
Misiones,3/31/20,1,0,0,4,0,0
Misiones,4/1/20,0,0,0,4,0,0
Misiones,4/2/20,0,0,0,4,0,0
Misiones,4/3/20,0,0,0,4,0,0
Misiones,4/4/20,0,0,0,4,0,0
Misiones,4/5/20,0,0,0,4,0,0
Misiones,4/6/20,0,0,0,4,0,0
Misiones,4/7/20,0,0,0,4,0,0
Misiones,4/8/20,0,0,0,4,0,0
Misiones,4/9/20,0,0,0,4,0,0
Misiones,4/10/20,0,0,0,4,0,0
Misiones,4/11/20,0,0,0,4,0,0
Misiones,4/12/20,0,0,0,4,0,0
Misiones,4/13/20,0,0,0,4,0,0
Misiones,4/14/20,0,0,0,4,0,0
Misiones,4/15/20,0,0,0,4,0,0
Misiones,4/16/20,0,0,0,4,0,0
Misiones,4/17/20,1,0,1,5,0,1
Misiones,4/18/20,1,0,0,6,0,1
Misiones,4/19/20,0,0,0,6,0,1
Misiones,4/20/20,0,0,0,6,0,1
Neuquén,1/22/20,0,0,0,0,0,0
Neuquén,1/23/20,0,0,0,0,0,0
Neuquén,1/24/20,0,0,0,0,0,0
Neuquén,1/25/20,0,0,0,0,0,0
Neuquén,1/26/20,0,0,0,0,0,0
Neuquén,1/27/20,0,0,0,0,0,0
Neuquén,1/28/20,0,0,0,0,0,0
Neuquén,1/29/20,0,0,0,0,0,0
Neuquén,1/30/20,0,0,0,0,0,0
Neuquén,1/31/20,0,0,0,0,0,0
Neuquén,2/1/20,0,0,0,0,0,0
Neuquén,2/2/20,0,0,0,0,0,0
Neuquén,2/3/20,0,0,0,0,0,0
Neuquén,2/4/20,0,0,0,0,0,0
Neuquén,2/5/20,0,0,0,0,0,0
Neuquén,2/6/20,0,0,0,0,0,0
Neuquén,2/7/20,0,0,0,0,0,0
Neuquén,2/8/20,0,0,0,0,0,0
Neuquén,2/9/20,0,0,0,0,0,0
Neuquén,2/10/20,0,0,0,0,0,0
Neuquén,2/11/20,0,0,0,0,0,0
Neuquén,2/12/20,0,0,0,0,0,0
Neuquén,2/13/20,0,0,0,0,0,0
Neuquén,2/14/20,0,0,0,0,0,0
Neuquén,2/15/20,0,0,0,0,0,0
Neuquén,2/16/20,0,0,0,0,0,0
Neuquén,2/17/20,0,0,0,0,0,0
Neuquén,2/18/20,0,0,0,0,0,0
Neuquén,2/19/20,0,0,0,0,0,0
Neuquén,2/20/20,0,0,0,0,0,0
Neuquén,2/21/20,0,0,0,0,0,0
Neuquén,2/22/20,0,0,0,0,0,0
Neuquén,2/23/20,0,0,0,0,0,0
Neuquén,2/24/20,0,0,0,0,0,0
Neuquén,2/25/20,0,0,0,0,0,0
Neuquén,2/26/20,0,0,0,0,0,0
Neuquén,2/27/20,0,0,0,0,0,0
Neuquén,2/28/20,0,0,0,0,0,0
Neuquén,2/29/20,0,0,0,0,0,0
Neuquén,3/1/20,0,0,0,0,0,0
Neuquén,3/2/20,0,0,0,0,0,0
Neuquén,3/3/20,0,0,0,0,0,0
Neuquén,3/4/20,0,0,0,0,0,0
Neuquén,3/5/20,0,0,0,0,0,0
Neuquén,3/6/20,0,0,0,0,0,0
Neuquén,3/7/20,0,0,0,0,0,0
Neuquén,3/8/20,0,0,0,0,0,0
Neuquén,3/9/20,0,0,0,0,0,0
Neuquén,3/10/20,0,0,0,0,0,0
Neuquén,3/11/20,0,0,0,0,0,0
Neuquén,3/12/20,0,0,0,0,0,0
Neuquén,3/13/20,0,0,0,0,0,0
Neuquén,3/14/20,0,0,0,0,0,0
Neuquén,3/15/20,0,0,0,0,0,0
Neuquén,3/16/20,0,0,0,0,0,0
Neuquén,3/17/20,0,0,0,0,0,0
Neuquén,3/18/20,0,0,0,0,0,0
Neuquén,3/19/20,0,0,0,0,0,0
Neuquén,3/20/20,2,0,0,2,0,0
Neuquén,3/21/20,0,0,0,2,0,0
Neuquén,3/22/20,0,0,0,2,0,0
Neuquén,3/23/20,0,0,0,2,0,0
Neuquén,3/24/20,1,0,0,3,0,0
Neuquén,3/25/20,1,0,0,4,0,0
Neuquén,3/26/20,3,0,0,7,0,0
Neuquén,3/27/20,4,0,0,11,0,0
Neuquén,3/28/20,2,0,0,13,0,0
Neuquén,3/29/20,0,0,0,13,0,0
Neuquén,3/30/20,8,1,0,21,1,0
Neuquén,3/31/20,0,0,0,21,1,0
Neuquén,4/1/20,4,1,0,25,2,0
Neuquén,4/2/20,4,0,0,29,2,0
Neuquén,4/3/20,1,0,0,30,2,0
Neuquén,4/4/20,4,0,0,34,2,0
Neuquén,4/5/20,11,0,0,45,2,0
Neuquén,4/6/20,6,1,0,51,3,0
Neuquén,4/7/20,3,0,0,54,3,0
Neuquén,4/8/20,3,1,0,57,4,0
Neuquén,4/9/20,7,0,1,64,4,1
Neuquén,4/10/20,7,0,0,71,4,1
Neuquén,4/11/20,1,0,0,72,4,1
Neuquén,4/12/20,1,0,1,73,4,2
Neuquén,4/13/20,2,0,0,75,4,2
Neuquén,4/14/20,2,0,2,77,4,4
Neuquén,4/15/20,22,0,2,99,4,6
Neuquén,4/16/20,1,0,1,100,4,7
Neuquén,4/17/20,31,0,0,131,4,7
Neuquén,4/18/20,3,0,0,134,4,7
Neuquén,4/19/20,3,0,0,137,4,7
Neuquén,4/20/20,6,0,4,143,4,11
Provincia de Buenos Aires,1/22/20,0,0,0,0,0,0
Provincia de Buenos Aires,1/23/20,0,0,0,0,0,0
Provincia de Buenos Aires,1/24/20,0,0,0,0,0,0
Provincia de Buenos Aires,1/25/20,0,0,0,0,0,0
Provincia de Buenos Aires,1/26/20,0,0,0,0,0,0
Provincia de Buenos Aires,1/27/20,0,0,0,0,0,0
Provincia de Buenos Aires,1/28/20,0,0,0,0,0,0
Provincia de Buenos Aires,1/29/20,0,0,0,0,0,0
Provincia de Buenos Aires,1/30/20,0,0,0,0,0,0
Provincia de Buenos Aires,1/31/20,0,0,0,0,0,0
Provincia de Buenos Aires,2/1/20,0,0,0,0,0,0
Provincia de Buenos Aires,2/2/20,0,0,0,0,0,0
Provincia de Buenos Aires,2/3/20,0,0,0,0,0,0
Provincia de Buenos Aires,2/4/20,0,0,0,0,0,0
Provincia de Buenos Aires,2/5/20,0,0,0,0,0,0
Provincia de Buenos Aires,2/6/20,0,0,0,0,0,0
Provincia de Buenos Aires,2/7/20,0,0,0,0,0,0
Provincia de Buenos Aires,2/8/20,0,0,0,0,0,0
Provincia de Buenos Aires,2/9/20,0,0,0,0,0,0
Provincia de Buenos Aires,2/10/20,0,0,0,0,0,0
Provincia de Buenos Aires,2/11/20,0,0,0,0,0,0
Provincia de Buenos Aires,2/12/20,0,0,0,0,0,0
Provincia de Buenos Aires,2/13/20,0,0,0,0,0,0
Provincia de Buenos Aires,2/14/20,0,0,0,0,0,0
Provincia de Buenos Aires,2/15/20,0,0,0,0,0,0
Provincia de Buenos Aires,2/16/20,0,0,0,0,0,0
Provincia de Buenos Aires,2/17/20,0,0,0,0,0,0
Provincia de Buenos Aires,2/18/20,0,0,0,0,0,0
Provincia de Buenos Aires,2/19/20,0,0,0,0,0,0
Provincia de Buenos Aires,2/20/20,0,0,0,0,0,0
Provincia de Buenos Aires,2/21/20,0,0,0,0,0,0
Provincia de Buenos Aires,2/22/20,0,0,0,0,0,0
Provincia de Buenos Aires,2/23/20,0,0,0,0,0,0
Provincia de Buenos Aires,2/24/20,0,0,0,0,0,0
Provincia de Buenos Aires,2/25/20,0,0,0,0,0,0
Provincia de Buenos Aires,2/26/20,0,0,0,0,0,0
Provincia de Buenos Aires,2/27/20,0,0,0,0,0,0
Provincia de Buenos Aires,2/28/20,0,0,0,0,0,0
Provincia de Buenos Aires,2/29/20,0,0,0,0,0,0
Provincia de Buenos Aires,3/1/20,0,0,0,0,0,0
Provincia de Buenos Aires,3/2/20,0,0,0,0,0,0
Provincia de Buenos Aires,3/3/20,0,0,0,0,0,0
Provincia de Buenos Aires,3/4/20,0,0,0,0,0,0
Provincia de Buenos Aires,3/5/20,0,0,0,0,0,0
Provincia de Buenos Aires,3/6/20,1,0,0,1,0,0
Provincia de Buenos Aires,3/7/20,0,0,0,1,0,0
Provincia de Buenos Aires,3/8/20,1,0,0,2,0,0
Provincia de Buenos Aires,3/9/20,0,0,0,2,0,0
Provincia de Buenos Aires,3/10/20,1,0,0,3,0,0
Provincia de Buenos Aires,3/11/20,1,0,0,4,0,0
Provincia de Buenos Aires,3/12/20,3,0,0,7,0,0
Provincia de Buenos Aires,3/13/20,1,0,0,8,0,0
Provincia de Buenos Aires,3/14/20,0,0,0,8,0,0
Provincia de Buenos Aires,3/15/20,1,0,0,9,0,0
Provincia de Buenos Aires,3/16/20,1,0,0,10,0,0
Provincia de Buenos Aires,3/17/20,1,0,0,11,0,0
Provincia de Buenos Aires,3/18/20,6,0,0,17,0,0
Provincia de Buenos Aires,3/19/20,15,0,0,32,0,0
Provincia de Buenos Aires,3/20/20,9,0,1,41,0,1
Provincia de Buenos Aires,3/21/20,15,1,0,56,1,1
Provincia de Buenos Aires,3/22/20,8,0,0,64,1,1
Provincia de Buenos Aires,3/23/20,5,0,0,69,1,1
Provincia de Buenos Aires,3/24/20,30,1,0,99,2,1
Provincia de Buenos Aires,3/25/20,30,0,0,129,2,1
Provincia de Buenos Aires,3/26/20,27,2,14,156,4,15
Provincia de Buenos Aires,3/27/20,36,0,0,192,4,15
Provincia de Buenos Aires,3/28/20,8,1,0,200,5,15
Provincia de Buenos Aires,3/29/20,16,0,0,216,5,15
Provincia de Buenos Aires,3/30/20,36,2,0,252,7,15
Provincia de Buenos Aires,3/31/20,17,0,0,269,7,15
Provincia de Buenos Aires,4/1/20,10,2,0,279,9,15
Provincia de Buenos Aires,4/2/20,36,2,0,315,11,15
Provincia de Buenos Aires,4/3/20,22,3,0,337,14,15
Provincia de Buenos Aires,4/4/20,26,1,39,363,15,54
Provincia de Buenos Aires,4/5/20,33,1,0,396,16,54
Provincia de Buenos Aires,4/6/20,12,2,0,408,18,54
Provincia de Buenos Aires,4/7/20,34,4,0,442,22,54
Provincia de Buenos Aires,4/8/20,34,1,0,476,23,54
Provincia de Buenos Aires,4/9/20,28,7,17,504,30,71
Provincia de Buenos Aires,4/10/20,19,1,0,523,31,71
Provincia de Buenos Aires,4/11/20,37,4,0,560,35,71
Provincia de Buenos Aires,4/12/20,28,4,0,588,39,71
Provincia de Buenos Aires,4/13/20,29,2,0,617,41,71
Provincia de Buenos Aires,4/14/20,66,2,0,683,43,71
Provincia de Buenos Aires,4/15/20,62,1,0,745,44,71
Provincia de Buenos Aires,4/16/20,30,0,0,775,44,71
Provincia de Buenos Aires,4/17/20,34,3,0,809,47,71
Provincia de Buenos Aires,4/18/20,31,2,0,840,49,71
Provincia de Buenos Aires,4/19/20,48,1,0,888,50,71
Provincia de Buenos Aires,4/20/20,42,8,0,930,58,71
Provincia de Buenos Aires,4/21/20,60,4,0,990,62,71
Río Negro,1/22/20,0,0,0,0,0,0
Río Negro,1/23/20,0,0,0,0,0,0
Río Negro,1/24/20,0,0,0,0,0,0
Río Negro,1/25/20,0,0,0,0,0,0
Río Negro,1/26/20,0,0,0,0,0,0
Río Negro,1/27/20,0,0,0,0,0,0
Río Negro,1/28/20,0,0,0,0,0,0
Río Negro,1/29/20,0,0,0,0,0,0
Río Negro,1/30/20,0,0,0,0,0,0
Río Negro,1/31/20,0,0,0,0,0,0
Río Negro,2/1/20,0,0,0,0,0,0
Río Negro,2/2/20,0,0,0,0,0,0
Río Negro,2/3/20,0,0,0,0,0,0
Río Negro,2/4/20,0,0,0,0,0,0
Río Negro,2/5/20,0,0,0,0,0,0
Río Negro,2/6/20,0,0,0,0,0,0
Río Negro,2/7/20,0,0,0,0,0,0
Río Negro,2/8/20,0,0,0,0,0,0
Río Negro,2/9/20,0,0,0,0,0,0
Río Negro,2/10/20,0,0,0,0,0,0
Río Negro,2/11/20,0,0,0,0,0,0
Río Negro,2/12/20,0,0,0,0,0,0
Río Negro,2/13/20,0,0,0,0,0,0
Río Negro,2/14/20,0,0,0,0,0,0
Río Negro,2/15/20,0,0,0,0,0,0
Río Negro,2/16/20,0,0,0,0,0,0
Río Negro,2/17/20,0,0,0,0,0,0
Río Negro,2/18/20,0,0,0,0,0,0
Río Negro,2/19/20,0,0,0,0,0,0
Río Negro,2/20/20,0,0,0,0,0,0
Río Negro,2/21/20,0,0,0,0,0,0
Río Negro,2/22/20,0,0,0,0,0,0
Río Negro,2/23/20,0,0,0,0,0,0
Río Negro,2/24/20,0,0,0,0,0,0
Río Negro,2/25/20,0,0,0,0,0,0
Río Negro,2/26/20,0,0,0,0,0,0
Río Negro,2/27/20,0,0,0,0,0,0
Río Negro,2/28/20,0,0,0,0,0,0
Río Negro,2/29/20,0,0,0,0,0,0
Río Negro,3/1/20,0,0,0,0,0,0
Río Negro,3/2/20,0,0,0,0,0,0
Río Negro,3/3/20,0,0,0,0,0,0
Río Negro,3/4/20,0,0,0,0,0,0
Río Negro,3/5/20,0,0,0,0,0,0
Río Negro,3/6/20,0,0,0,0,0,0
Río Negro,3/7/20,0,0,0,0,0,0
Río Negro,3/8/20,0,0,0,0,0,0
Río Negro,3/9/20,1,0,0,1,0,0
Río Negro,3/10/20,0,0,0,1,0,0
Río Negro,3/11/20,0,0,0,1,0,0
Río Negro,3/12/20,0,0,0,1,0,0
Río Negro,3/13/20,0,0,0,1,0,0
Río Negro,3/14/20,0,0,0,1,0,0
Río Negro,3/15/20,0,0,0,1,0,0
Río Negro,3/16/20,0,0,0,1,0,0
Río Negro,3/17/20,1,0,0,2,0,0
Río Negro,3/18/20,0,0,0,2,0,0
Río Negro,3/19/20,1,0,0,3,0,0
Río Negro,3/20/20,0,0,1,3,0,1
Río Negro,3/21/20,1,0,0,4,0,1
Río Negro,3/22/20,0,0,0,4,0,1
Río Negro,3/23/20,0,0,0,4,0,1
Río Negro,3/24/20,0,0,0,4,0,1
Río Negro,3/25/20,0,0,0,4,0,1
Río Negro,3/26/20,0,0,0,4,0,1
Río Negro,3/27/20,3,1,0,7,1,1
Río Negro,3/28/20,0,0,0,7,1,1
Río Negro,3/29/20,0,0,0,7,1,1
Río Negro,3/30/20,0,0,0,7,1,1
Río Negro,3/31/20,1,0,0,8,1,1
Río Negro,4/1/20,0,0,0,8,1,1
Río Negro,4/2/20,0,0,1,8,1,2
Río Negro,4/3/20,1,0,0,9,1,2
Río Negro,4/4/20,5,0,0,14,1,2
Río Negro,4/5/20,2,0,0,16,1,2
Río Negro,4/6/20,2,0,0,18,1,2
Río Negro,4/7/20,2,0,1,20,1,3
Río Negro,4/8/20,2,0,0,22,1,3
Río Negro,4/9/20,13,0,0,35,1,3
Río Negro,4/10/20,7,1,1,42,2,4
Río Negro,4/11/20,23,0,0,65,2,4
Río Negro,4/12/20,13,0,0,78,2,4
Río Negro,4/13/20,8,1,0,86,3,4
Río Negro,4/14/20,15,0,0,101,3,4
Río Negro,4/15/20,4,0,3,105,3,7
Río Negro,4/16/20,8,0,4,113,3,11
Río Negro,4/17/20,4,0,6,117,3,17
Río Negro,4/18/20,3,0,0,120,3,17
Río Negro,4/19/20,8,0,0,128,3,17
Río Negro,4/20/20,10,3,0,138,6,17
Salta,1/22/20,0,0,0,0,0,0
Salta,1/23/20,0,0,0,0,0,0
Salta,1/24/20,0,0,0,0,0,0
Salta,1/25/20,0,0,0,0,0,0
Salta,1/26/20,0,0,0,0,0,0
Salta,1/27/20,0,0,0,0,0,0
Salta,1/28/20,0,0,0,0,0,0
Salta,1/29/20,0,0,0,0,0,0
Salta,1/30/20,0,0,0,0,0,0
Salta,1/31/20,0,0,0,0,0,0
Salta,2/1/20,0,0,0,0,0,0
Salta,2/2/20,0,0,0,0,0,0
Salta,2/3/20,0,0,0,0,0,0
Salta,2/4/20,0,0,0,0,0,0
Salta,2/5/20,0,0,0,0,0,0
Salta,2/6/20,0,0,0,0,0,0
Salta,2/7/20,0,0,0,0,0,0
Salta,2/8/20,0,0,0,0,0,0
Salta,2/9/20,0,0,0,0,0,0
Salta,2/10/20,0,0,0,0,0,0
Salta,2/11/20,0,0,0,0,0,0
Salta,2/12/20,0,0,0,0,0,0
Salta,2/13/20,0,0,0,0,0,0
Salta,2/14/20,0,0,0,0,0,0
Salta,2/15/20,0,0,0,0,0,0
Salta,2/16/20,0,0,0,0,0,0
Salta,2/17/20,0,0,0,0,0,0
Salta,2/18/20,0,0,0,0,0,0
Salta,2/19/20,0,0,0,0,0,0
Salta,2/20/20,0,0,0,0,0,0
Salta,2/21/20,0,0,0,0,0,0
Salta,2/22/20,0,0,0,0,0,0
Salta,2/23/20,0,0,0,0,0,0
Salta,2/24/20,0,0,0,0,0,0
Salta,2/25/20,0,0,0,0,0,0
Salta,2/26/20,0,0,0,0,0,0
Salta,2/27/20,0,0,0,0,0,0
Salta,2/28/20,0,0,0,0,0,0
Salta,2/29/20,0,0,0,0,0,0
Salta,3/1/20,0,0,0,0,0,0
Salta,3/2/20,0,0,0,0,0,0
Salta,3/3/20,0,0,0,0,0,0
Salta,3/4/20,0,0,0,0,0,0
Salta,3/5/20,0,0,0,0,0,0
Salta,3/6/20,0,0,0,0,0,0
Salta,3/7/20,0,0,0,0,0,0
Salta,3/8/20,0,0,0,0,0,0
Salta,3/9/20,0,0,0,0,0,0
Salta,3/10/20,0,0,0,0,0,0
Salta,3/11/20,0,0,0,0,0,0
Salta,3/12/20,0,0,0,0,0,0
Salta,3/13/20,0,0,0,0,0,0
Salta,3/14/20,0,0,0,0,0,0
Salta,3/15/20,0,0,0,0,0,0
Salta,3/16/20,0,0,0,0,0,0
Salta,3/17/20,1,0,0,1,0,0
Salta,3/18/20,0,0,0,1,0,0
Salta,3/19/20,0,0,0,1,0,0
Salta,3/20/20,0,0,0,1,0,0
Salta,3/21/20,0,0,0,1,0,0
Salta,3/22/20,0,0,0,1,0,0
Salta,3/23/20,0,0,0,1,0,0
Salta,3/24/20,0,0,0,1,0,0
Salta,3/25/20,0,0,0,1,0,0
Salta,3/26/20,0,0,0,1,0,0
Salta,3/27/20,0,0,0,1,0,0
Salta,3/28/20,0,0,0,1,0,0
Salta,3/29/20,0,0,0,1,0,0
Salta,3/30/20,0,0,0,1,0,0
Salta,3/31/20,0,0,0,1,0,0
Salta,4/1/20,2,0,0,3,0,0
Salta,4/2/20,0,0,0,3,0,0
Salta,4/3/20,0,0,0,3,0,0
Salta,4/4/20,0,0,0,3,0,0
Salta,4/5/20,0,0,0,3,0,0
Salta,4/6/20,0,0,0,3,0,0
Salta,4/7/20,0,0,0,3,0,0
Salta,4/8/20,0,0,2,3,0,2
Salta,4/9/20,0,0,0,3,0,2
Salta,4/10/20,0,0,0,3,0,2
Salta,4/11/20,0,0,0,3,0,2
Salta,4/12/20,0,0,0,3,0,2
Salta,4/13/20,0,0,0,3,0,2
Salta,4/14/20,0,0,0,3,0,2
Salta,4/15/20,1,0,3,4,0,5
Salta,4/16/20,0,0,0,4,0,5
Salta,4/17/20,1,0,0,5,0,5
Salta,4/18/20,0,0,0,5,0,5
Salta,4/19/20,0,0,0,5,0,5
Salta,4/20/20,0,0,0,5,0,5
San Juan,1/22/20,0,0,0,0,0,0
San Juan,1/23/20,0,0,0,0,0,0
San Juan,1/24/20,0,0,0,0,0,0
San Juan,1/25/20,0,0,0,0,0,0
San Juan,1/26/20,0,0,0,0,0,0
San Juan,1/27/20,0,0,0,0,0,0
San Juan,1/28/20,0,0,0,0,0,0
San Juan,1/29/20,0,0,0,0,0,0
San Juan,1/30/20,0,0,0,0,0,0
San Juan,1/31/20,0,0,0,0,0,0
San Juan,2/1/20,0,0,0,0,0,0
San Juan,2/2/20,0,0,0,0,0,0
San Juan,2/3/20,0,0,0,0,0,0
San Juan,2/4/20,0,0,0,0,0,0
San Juan,2/5/20,0,0,0,0,0,0
San Juan,2/6/20,0,0,0,0,0,0
San Juan,2/7/20,0,0,0,0,0,0
San Juan,2/8/20,0,0,0,0,0,0
San Juan,2/9/20,0,0,0,0,0,0
San Juan,2/10/20,0,0,0,0,0,0
San Juan,2/11/20,0,0,0,0,0,0
San Juan,2/12/20,0,0,0,0,0,0
San Juan,2/13/20,0,0,0,0,0,0
San Juan,2/14/20,0,0,0,0,0,0
San Juan,2/15/20,0,0,0,0,0,0
San Juan,2/16/20,0,0,0,0,0,0
San Juan,2/17/20,0,0,0,0,0,0
San Juan,2/18/20,0,0,0,0,0,0
San Juan,2/19/20,0,0,0,0,0,0
San Juan,2/20/20,0,0,0,0,0,0
San Juan,2/21/20,0,0,0,0,0,0
San Juan,2/22/20,0,0,0,0,0,0
San Juan,2/23/20,0,0,0,0,0,0
San Juan,2/24/20,0,0,0,0,0,0
San Juan,2/25/20,0,0,0,0,0,0
San Juan,2/26/20,0,0,0,0,0,0
San Juan,2/27/20,0,0,0,0,0,0
San Juan,2/28/20,0,0,0,0,0,0
San Juan,2/29/20,0,0,0,0,0,0
San Juan,3/1/20,0,0,0,0,0,0
San Juan,3/2/20,0,0,0,0,0,0
San Juan,3/3/20,0,0,0,0,0,0
San Juan,3/4/20,0,0,0,0,0,0
San Juan,3/5/20,0,0,0,0,0,0
San Juan,3/6/20,0,0,0,0,0,0
San Juan,3/7/20,0,0,0,0,0,0
San Juan,3/8/20,0,0,0,0,0,0
San Juan,3/9/20,0,0,0,0,0,0
San Juan,3/10/20,0,0,0,0,0,0
San Juan,3/11/20,0,0,0,0,0,0
San Juan,3/12/20,0,0,0,0,0,0
San Juan,3/13/20,0,0,0,0,0,0
San Juan,3/14/20,0,0,0,0,0,0
San Juan,3/15/20,0,0,0,0,0,0
San Juan,3/16/20,0,0,0,0,0,0
San Juan,3/17/20,0,0,0,0,0,0
San Juan,3/18/20,0,0,0,0,0,0
San Juan,3/19/20,0,0,0,0,0,0
San Juan,3/20/20,0,0,0,0,0,0
San Juan,3/21/20,0,0,0,0,0,0
San Juan,3/22/20,0,0,0,0,0,0
San Juan,3/23/20,0,0,0,0,0,0
San Juan,3/24/20,0,0,0,0,0,0
San Juan,3/25/20,0,0,0,0,0,0
San Juan,3/26/20,0,0,0,0,0,0
San Juan,3/27/20,0,0,0,0,0,0
San Juan,3/28/20,0,0,0,0,0,0
San Juan,3/29/20,1,0,0,1,0,0
San Juan,3/30/20,0,0,0,1,0,0
San Juan,3/31/20,0,0,0,1,0,0
San Juan,4/1/20,0,0,0,1,0,0
San Juan,4/2/20,0,0,0,1,0,0
San Juan,4/3/20,0,0,0,1,0,0
San Juan,4/4/20,0,0,0,1,0,0
San Juan,4/5/20,0,0,0,1,0,0
San Juan,4/6/20,0,0,0,1,0,0
San Juan,4/7/20,0,0,0,1,0,0
San Juan,4/8/20,0,0,0,1,0,0
San Juan,4/9/20,0,0,0,1,0,0
San Juan,4/10/20,0,0,0,1,0,0
San Juan,4/11/20,1,0,0,2,0,0
San Juan,4/12/20,0,0,0,2,0,0
San Juan,4/13/20,0,0,0,2,0,0
San Juan,4/14/20,0,0,0,2,0,0
San Juan,4/15/20,0,0,0,2,0,0
San Juan,4/16/20,0,0,0,2,0,0
San Juan,4/17/20,0,0,0,2,0,0
San Juan,4/18/20,0,0,0,2,0,0
San Juan,4/19/20,0,0,0,2,0,0
San Juan,4/20/20,0,0,0,2,0,0
San Luis,1/22/20,0,0,0,0,0,0
San Luis,1/23/20,0,0,0,0,0,0
San Luis,1/24/20,0,0,0,0,0,0
San Luis,1/25/20,0,0,0,0,0,0
San Luis,1/26/20,0,0,0,0,0,0
San Luis,1/27/20,0,0,0,0,0,0
San Luis,1/28/20,0,0,0,0,0,0
San Luis,1/29/20,0,0,0,0,0,0
San Luis,1/30/20,0,0,0,0,0,0
San Luis,1/31/20,0,0,0,0,0,0
San Luis,2/1/20,0,0,0,0,0,0
San Luis,2/2/20,0,0,0,0,0,0
San Luis,2/3/20,0,0,0,0,0,0
San Luis,2/4/20,0,0,0,0,0,0
San Luis,2/5/20,0,0,0,0,0,0
San Luis,2/6/20,0,0,0,0,0,0
San Luis,2/7/20,0,0,0,0,0,0
San Luis,2/8/20,0,0,0,0,0,0
San Luis,2/9/20,0,0,0,0,0,0
San Luis,2/10/20,0,0,0,0,0,0
San Luis,2/11/20,0,0,0,0,0,0
San Luis,2/12/20,0,0,0,0,0,0
San Luis,2/13/20,0,0,0,0,0,0
San Luis,2/14/20,0,0,0,0,0,0
San Luis,2/15/20,0,0,0,0,0,0
San Luis,2/16/20,0,0,0,0,0,0
San Luis,2/17/20,0,0,0,0,0,0
San Luis,2/18/20,0,0,0,0,0,0
San Luis,2/19/20,0,0,0,0,0,0
San Luis,2/20/20,0,0,0,0,0,0
San Luis,2/21/20,0,0,0,0,0,0
San Luis,2/22/20,0,0,0,0,0,0
San Luis,2/23/20,0,0,0,0,0,0
San Luis,2/24/20,0,0,0,0,0,0
San Luis,2/25/20,0,0,0,0,0,0
San Luis,2/26/20,0,0,0,0,0,0
San Luis,2/27/20,0,0,0,0,0,0
San Luis,2/28/20,0,0,0,0,0,0
San Luis,2/29/20,0,0,0,0,0,0
San Luis,3/1/20,0,0,0,0,0,0
San Luis,3/2/20,0,0,0,0,0,0
San Luis,3/3/20,0,0,0,0,0,0
San Luis,3/4/20,0,0,0,0,0,0
San Luis,3/5/20,0,0,0,0,0,0
San Luis,3/6/20,0,0,0,0,0,0
San Luis,3/7/20,0,0,0,0,0,0
San Luis,3/8/20,0,0,0,0,0,0
San Luis,3/9/20,1,0,0,1,0,0
San Luis,3/10/20,0,0,0,1,0,0
San Luis,3/11/20,0,0,0,1,0,0
San Luis,3/12/20,0,0,0,1,0,0
San Luis,3/13/20,0,0,0,1,0,0
San Luis,3/14/20,0,0,0,1,0,0
San Luis,3/15/20,0,0,0,1,0,0
San Luis,3/16/20,0,0,0,1,0,0
San Luis,3/17/20,0,0,0,1,0,0
San Luis,3/18/20,0,0,0,1,0,0
San Luis,3/19/20,0,0,0,1,0,0
San Luis,3/20/20,0,0,0,1,0,0
San Luis,3/21/20,0,0,0,1,0,0
San Luis,3/22/20,0,0,0,1,0,0
San Luis,3/23/20,0,0,0,1,0,0
San Luis,3/24/20,0,0,0,1,0,0
San Luis,3/25/20,4,0,0,5,0,0
San Luis,3/26/20,1,0,0,6,0,0
San Luis,3/27/20,0,0,0,6,0,0
San Luis,3/28/20,0,0,0,6,0,0
San Luis,3/29/20,0,0,0,6,0,0
San Luis,3/30/20,0,0,0,6,0,0
San Luis,3/31/20,0,0,0,6,0,0
San Luis,4/1/20,1,0,0,7,0,0
San Luis,4/2/20,2,0,0,9,0,0
San Luis,4/3/20,1,0,0,10,0,0
San Luis,4/4/20,0,0,0,10,0,0
San Luis,4/5/20,0,0,0,10,0,0
San Luis,4/6/20,1,0,0,11,0,0
San Luis,4/7/20,0,0,0,11,0,0
San Luis,4/8/20,0,0,0,11,0,0
San Luis,4/9/20,0,0,0,11,0,0
San Luis,4/10/20,0,0,0,11,0,0
San Luis,4/11/20,0,0,5,11,0,5
San Luis,4/12/20,0,0,0,11,0,5
San Luis,4/13/20,0,0,1,11,0,6
San Luis,4/14/20,0,0,0,11,0,6
San Luis,4/15/20,0,0,0,11,0,6
San Luis,4/16/20,0,0,0,11,0,6
San Luis,4/17/20,0,0,0,11,0,6
San Luis,4/18/20,0,0,0,11,0,6
San Luis,4/19/20,0,0,0,11,0,6
San Luis,4/20/20,0,0,0,11,0,6
Santa Cruz,1/22/20,0,0,0,0,0,0
Santa Cruz,1/23/20,0,0,0,0,0,0
Santa Cruz,1/24/20,0,0,0,0,0,0
Santa Cruz,1/25/20,0,0,0,0,0,0
Santa Cruz,1/26/20,0,0,0,0,0,0
Santa Cruz,1/27/20,0,0,0,0,0,0
Santa Cruz,1/28/20,0,0,0,0,0,0
Santa Cruz,1/29/20,0,0,0,0,0,0
Santa Cruz,1/30/20,0,0,0,0,0,0
Santa Cruz,1/31/20,0,0,0,0,0,0
Santa Cruz,2/1/20,0,0,0,0,0,0
Santa Cruz,2/2/20,0,0,0,0,0,0
Santa Cruz,2/3/20,0,0,0,0,0,0
Santa Cruz,2/4/20,0,0,0,0,0,0
Santa Cruz,2/5/20,0,0,0,0,0,0
Santa Cruz,2/6/20,0,0,0,0,0,0
Santa Cruz,2/7/20,0,0,0,0,0,0
Santa Cruz,2/8/20,0,0,0,0,0,0
Santa Cruz,2/9/20,0,0,0,0,0,0
Santa Cruz,2/10/20,0,0,0,0,0,0
Santa Cruz,2/11/20,0,0,0,0,0,0
Santa Cruz,2/12/20,0,0,0,0,0,0
Santa Cruz,2/13/20,0,0,0,0,0,0
Santa Cruz,2/14/20,0,0,0,0,0,0
Santa Cruz,2/15/20,0,0,0,0,0,0
Santa Cruz,2/16/20,0,0,0,0,0,0
Santa Cruz,2/17/20,0,0,0,0,0,0
Santa Cruz,2/18/20,0,0,0,0,0,0
Santa Cruz,2/19/20,0,0,0,0,0,0
Santa Cruz,2/20/20,0,0,0,0,0,0
Santa Cruz,2/21/20,0,0,0,0,0,0
Santa Cruz,2/22/20,0,0,0,0,0,0
Santa Cruz,2/23/20,0,0,0,0,0,0
Santa Cruz,2/24/20,0,0,0,0,0,0
Santa Cruz,2/25/20,0,0,0,0,0,0
Santa Cruz,2/26/20,0,0,0,0,0,0
Santa Cruz,2/27/20,0,0,0,0,0,0
Santa Cruz,2/28/20,0,0,0,0,0,0
Santa Cruz,2/29/20,0,0,0,0,0,0
Santa Cruz,3/1/20,0,0,0,0,0,0
Santa Cruz,3/2/20,0,0,0,0,0,0
Santa Cruz,3/3/20,0,0,0,0,0,0
Santa Cruz,3/4/20,0,0,0,0,0,0
Santa Cruz,3/5/20,0,0,0,0,0,0
Santa Cruz,3/6/20,0,0,0,0,0,0
Santa Cruz,3/7/20,0,0,0,0,0,0
Santa Cruz,3/8/20,0,0,0,0,0,0
Santa Cruz,3/9/20,0,0,0,0,0,0
Santa Cruz,3/10/20,0,0,0,0,0,0
Santa Cruz,3/11/20,0,0,0,0,0,0
Santa Cruz,3/12/20,0,0,0,0,0,0
Santa Cruz,3/13/20,0,0,0,0,0,0
Santa Cruz,3/14/20,0,0,0,0,0,0
Santa Cruz,3/15/20,0,0,0,0,0,0
Santa Cruz,3/16/20,0,0,0,0,0,0
Santa Cruz,3/17/20,1,0,0,1,0,0
Santa Cruz,3/18/20,0,0,0,1,0,0
Santa Cruz,3/19/20,0,0,0,1,0,0
Santa Cruz,3/20/20,0,0,0,1,0,0
Santa Cruz,3/21/20,0,0,0,1,0,0
Santa Cruz,3/22/20,0,0,0,1,0,0
Santa Cruz,3/23/20,0,0,0,1,0,0
Santa Cruz,3/24/20,1,0,0,2,0,0
Santa Cruz,3/25/20,5,0,0,7,0,0
Santa Cruz,3/26/20,2,0,0,9,0,0
Santa Cruz,3/27/20,0,0,0,9,0,0
Santa Cruz,3/28/20,0,0,0,9,0,0
Santa Cruz,3/29/20,0,0,0,9,0,0
Santa Cruz,3/30/20,0,0,0,9,0,0
Santa Cruz,3/31/20,0,0,0,9,0,0
Santa Cruz,4/1/20,10,0,0,19,0,0
Santa Cruz,4/2/20,2,0,0,21,0,0
Santa Cruz,4/3/20,0,0,0,21,0,0
Santa Cruz,4/4/20,1,0,0,22,0,0
Santa Cruz,4/5/20,1,0,0,23,0,0
Santa Cruz,4/6/20,0,0,0,23,0,0
Santa Cruz,4/7/20,8,0,1,31,0,1
Santa Cruz,4/8/20,8,0,0,39,0,1
Santa Cruz,4/9/20,0,0,0,39,0,1
Santa Cruz,4/10/20,6,0,0,45,0,1
Santa Cruz,4/11/20,3,0,2,48,0,3
Santa Cruz,4/12/20,0,0,0,48,0,3
Santa Cruz,4/13/20,0,0,0,48,0,3
Santa Cruz,4/14/20,0,0,0,48,0,3
Santa Cruz,4/15/20,0,0,0,48,0,3
Santa Cruz,4/16/20,0,0,0,48,0,3
Santa Cruz,4/17/20,0,0,0,48,0,3
Santa Cruz,4/18/20,0,0,0,48,0,3
Santa Cruz,4/19/20,0,0,0,48,0,3
Santa Cruz,4/20/20,1,0,0,49,0,3
Santa Fe,1/22/20,0,0,0,0,0,0
Santa Fe,1/23/20,0,0,0,0,0,0
Santa Fe,1/24/20,0,0,0,0,0,0
Santa Fe,1/25/20,0,0,0,0,0,0
Santa Fe,1/26/20,0,0,0,0,0,0
Santa Fe,1/27/20,0,0,0,0,0,0
Santa Fe,1/28/20,0,0,0,0,0,0
Santa Fe,1/29/20,0,0,0,0,0,0
Santa Fe,1/30/20,0,0,0,0,0,0
Santa Fe,1/31/20,0,0,0,0,0,0
Santa Fe,2/1/20,0,0,0,0,0,0
Santa Fe,2/2/20,0,0,0,0,0,0
Santa Fe,2/3/20,0,0,0,0,0,0
Santa Fe,2/4/20,0,0,0,0,0,0
Santa Fe,2/5/20,0,0,0,0,0,0
Santa Fe,2/6/20,0,0,0,0,0,0
Santa Fe,2/7/20,0,0,0,0,0,0
Santa Fe,2/8/20,0,0,0,0,0,0
Santa Fe,2/9/20,0,0,0,0,0,0
Santa Fe,2/10/20,0,0,0,0,0,0
Santa Fe,2/11/20,0,0,0,0,0,0
Santa Fe,2/12/20,0,0,0,0,0,0
Santa Fe,2/13/20,0,0,0,0,0,0
Santa Fe,2/14/20,0,0,0,0,0,0
Santa Fe,2/15/20,0,0,0,0,0,0
Santa Fe,2/16/20,0,0,0,0,0,0
Santa Fe,2/17/20,0,0,0,0,0,0
Santa Fe,2/18/20,0,0,0,0,0,0
Santa Fe,2/19/20,0,0,0,0,0,0
Santa Fe,2/20/20,0,0,0,0,0,0
Santa Fe,2/21/20,0,0,0,0,0,0
Santa Fe,2/22/20,0,0,0,0,0,0
Santa Fe,2/23/20,0,0,0,0,0,0
Santa Fe,2/24/20,0,0,0,0,0,0
Santa Fe,2/25/20,0,0,0,0,0,0
Santa Fe,2/26/20,0,0,0,0,0,0
Santa Fe,2/27/20,0,0,0,0,0,0
Santa Fe,2/28/20,0,0,0,0,0,0
Santa Fe,2/29/20,0,0,0,0,0,0
Santa Fe,3/1/20,0,0,0,0,0,0
Santa Fe,3/2/20,0,0,0,0,0,0
Santa Fe,3/3/20,0,0,0,0,0,0
Santa Fe,3/4/20,0,0,0,0,0,0
Santa Fe,3/5/20,0,0,0,0,0,0
Santa Fe,3/6/20,0,0,0,0,0,0
Santa Fe,3/7/20,0,0,0,0,0,0
Santa Fe,3/8/20,0,0,0,0,0,0
Santa Fe,3/9/20,0,0,0,0,0,0
Santa Fe,3/10/20,0,0,0,0,0,0
Santa Fe,3/11/20,0,0,0,0,0,0
Santa Fe,3/12/20,0,0,0,0,0,0
Santa Fe,3/13/20,0,0,0,0,0,0
Santa Fe,3/14/20,1,0,0,1,0,0
Santa Fe,3/15/20,0,0,0,1,0,0
Santa Fe,3/16/20,0,0,0,1,0,0
Santa Fe,3/17/20,0,0,0,1,0,0
Santa Fe,3/18/20,0,0,0,1,0,0
Santa Fe,3/19/20,1,0,0,2,0,0
Santa Fe,3/20/20,0,0,0,2,0,0
Santa Fe,3/21/20,2,0,0,4,0,0
Santa Fe,3/22/20,0,0,0,4,0,0
Santa Fe,3/23/20,13,0,0,17,0,0
Santa Fe,3/24/20,3,0,0,20,0,0
Santa Fe,3/25/20,22,0,0,42,0,0
Santa Fe,3/26/20,12,0,0,54,0,0
Santa Fe,3/27/20,9,0,0,63,0,0
Santa Fe,3/28/20,13,0,0,76,0,0
Santa Fe,3/29/20,13,0,0,89,0,0
Santa Fe,3/30/20,21,0,0,110,0,0
Santa Fe,3/31/20,22,0,0,132,0,0
Santa Fe,4/1/20,11,1,0,143,1,0
Santa Fe,4/2/20,8,0,0,151,1,0
Santa Fe,4/3/20,8,0,0,159,1,0
Santa Fe,4/4/20,5,0,5,164,1,5
Santa Fe,4/5/20,11,0,4,175,1,9
Santa Fe,4/6/20,8,0,3,183,1,12
Santa Fe,4/7/20,3,0,1,186,1,13
Santa Fe,4/8/20,3,0,3,189,1,16
Santa Fe,4/9/20,7,1,6,196,2,22
Santa Fe,4/10/20,1,0,0,197,2,22
Santa Fe,4/11/20,3,0,2,200,2,24
Santa Fe,4/12/20,3,0,0,203,2,24
Santa Fe,4/13/20,2,0,1,205,2,25
Santa Fe,4/14/20,2,0,2,207,2,27
Santa Fe,4/15/20,2,0,0,209,2,27
Santa Fe,4/16/20,3,0,0,212,2,27
Santa Fe,4/17/20,6,0,0,218,2,27
Santa Fe,4/18/20,3,0,1,221,2,28
Santa Fe,4/19/20,1,0,51,222,2,79
Santa Fe,4/20/20,2,0,2,224,2,81
Santiago del Estero,1/22/20,0,0,0,0,0,0
Santiago del Estero,1/23/20,0,0,0,0,0,0
Santiago del Estero,1/24/20,0,0,0,0,0,0
Santiago del Estero,1/25/20,0,0,0,0,0,0
Santiago del Estero,1/26/20,0,0,0,0,0,0
Santiago del Estero,1/27/20,0,0,0,0,0,0
Santiago del Estero,1/28/20,0,0,0,0,0,0
Santiago del Estero,1/29/20,0,0,0,0,0,0
Santiago del Estero,1/30/20,0,0,0,0,0,0
Santiago del Estero,1/31/20,0,0,0,0,0,0
Santiago del Estero,2/1/20,0,0,0,0,0,0
Santiago del Estero,2/2/20,0,0,0,0,0,0
Santiago del Estero,2/3/20,0,0,0,0,0,0
Santiago del Estero,2/4/20,0,0,0,0,0,0
Santiago del Estero,2/5/20,0,0,0,0,0,0
Santiago del Estero,2/6/20,0,0,0,0,0,0
Santiago del Estero,2/7/20,0,0,0,0,0,0
Santiago del Estero,2/8/20,0,0,0,0,0,0
Santiago del Estero,2/9/20,0,0,0,0,0,0
Santiago del Estero,2/10/20,0,0,0,0,0,0
Santiago del Estero,2/11/20,0,0,0,0,0,0
Santiago del Estero,2/12/20,0,0,0,0,0,0
Santiago del Estero,2/13/20,0,0,0,0,0,0
Santiago del Estero,2/14/20,0,0,0,0,0,0
Santiago del Estero,2/15/20,0,0,0,0,0,0
Santiago del Estero,2/16/20,0,0,0,0,0,0
Santiago del Estero,2/17/20,0,0,0,0,0,0
Santiago del Estero,2/18/20,0,0,0,0,0,0
Santiago del Estero,2/19/20,0,0,0,0,0,0
Santiago del Estero,2/20/20,0,0,0,0,0,0
Santiago del Estero,2/21/20,0,0,0,0,0,0
Santiago del Estero,2/22/20,0,0,0,0,0,0
Santiago del Estero,2/23/20,0,0,0,0,0,0
Santiago del Estero,2/24/20,0,0,0,0,0,0
Santiago del Estero,2/25/20,0,0,0,0,0,0
Santiago del Estero,2/26/20,0,0,0,0,0,0
Santiago del Estero,2/27/20,0,0,0,0,0,0
Santiago del Estero,2/28/20,0,0,0,0,0,0
Santiago del Estero,2/29/20,0,0,0,0,0,0
Santiago del Estero,3/1/20,0,0,0,0,0,0
Santiago del Estero,3/2/20,0,0,0,0,0,0
Santiago del Estero,3/3/20,0,0,0,0,0,0
Santiago del Estero,3/4/20,0,0,0,0,0,0
Santiago del Estero,3/5/20,0,0,0,0,0,0
Santiago del Estero,3/6/20,0,0,0,0,0,0
Santiago del Estero,3/7/20,0,0,0,0,0,0
Santiago del Estero,3/8/20,0,0,0,0,0,0
Santiago del Estero,3/9/20,0,0,0,0,0,0
Santiago del Estero,3/10/20,0,0,0,0,0,0
Santiago del Estero,3/11/20,0,0,0,0,0,0
Santiago del Estero,3/12/20,0,0,0,0,0,0
Santiago del Estero,3/13/20,0,0,0,0,0,0
Santiago del Estero,3/14/20,0,0,0,0,0,0
Santiago del Estero,3/15/20,0,0,0,0,0,0
Santiago del Estero,3/16/20,0,0,0,0,0,0
Santiago del Estero,3/17/20,0,0,0,0,0,0
Santiago del Estero,3/18/20,0,0,0,0,0,0
Santiago del Estero,3/19/20,0,0,0,0,0,0
Santiago del Estero,3/20/20,1,0,0,1,0,0
Santiago del Estero,3/21/20,0,0,0,1,0,0
Santiago del Estero,3/22/20,0,0,0,1,0,0
Santiago del Estero,3/23/20,0,0,0,1,0,0
Santiago del Estero,3/24/20,0,0,0,1,0,0
Santiago del Estero,3/25/20,0,0,0,1,0,0
Santiago del Estero,3/26/20,0,0,0,1,0,0
Santiago del Estero,3/27/20,1,0,0,2,0,0
Santiago del Estero,3/28/20,0,0,0,2,0,0
Santiago del Estero,3/29/20,0,0,0,2,0,0
Santiago del Estero,3/30/20,0,0,0,2,0,0
Santiago del Estero,3/31/20,0,0,0,2,0,0
Santiago del Estero,4/1/20,0,0,0,2,0,0
Santiago del Estero,4/2/20,1,0,0,3,0,0
Santiago del Estero,4/3/20,0,0,0,3,0,0
Santiago del Estero,4/4/20,1,0,0,4,0,0
Santiago del Estero,4/5/20,0,0,0,4,0,0
Santiago del Estero,4/6/20,6,0,0,10,0,0
Santiago del Estero,4/7/20,1,0,0,11,0,0
Santiago del Estero,4/8/20,1,0,0,12,0,0
Santiago del Estero,4/9/20,0,0,0,12,0,0
Santiago del Estero,4/10/20,0,0,0,12,0,0
Santiago del Estero,4/11/20,3,0,0,15,0,0
Santiago del Estero,4/12/20,0,0,0,15,0,0
Santiago del Estero,4/13/20,0,0,2,15,0,2
Santiago del Estero,4/14/20,0,0,1,15,0,3
Santiago del Estero,4/15/20,0,0,0,15,0,3
Santiago del Estero,4/16/20,0,0,0,15,0,3
Santiago del Estero,4/17/20,0,0,0,15,0,3
Santiago del Estero,4/18/20,0,0,0,15,0,3
Santiago del Estero,4/19/20,0,0,0,15,0,3
Santiago del Estero,4/20/20,0,0,0,15,0,3
"Tierra del Fuego, Antártida e Islas del Atlántico Sur",1/22/20,0,0,0,0,0,0
"Tierra del Fuego, Antártida e Islas del Atlántico Sur",1/23/20,0,0,0,0,0,0
"Tierra del Fuego, Antártida e Islas del Atlántico Sur",1/24/20,0,0,0,0,0,0
"Tierra del Fuego, Antártida e Islas del Atlántico Sur",1/25/20,0,0,0,0,0,0
"Tierra del Fuego, Antártida e Islas del Atlántico Sur",1/26/20,0,0,0,0,0,0
"Tierra del Fuego, Antártida e Islas del Atlántico Sur",1/27/20,0,0,0,0,0,0
"Tierra del Fuego, Antártida e Islas del Atlántico Sur",1/28/20,0,0,0,0,0,0
"Tierra del Fuego, Antártida e Islas del Atlántico Sur",1/29/20,0,0,0,0,0,0
"Tierra del Fuego, Antártida e Islas del Atlántico Sur",1/30/20,0,0,0,0,0,0
"Tierra del Fuego, Antártida e Islas del Atlántico Sur",1/31/20,0,0,0,0,0,0
"Tierra del Fuego, Antártida e Islas del Atlántico Sur",2/1/20,0,0,0,0,0,0
"Tierra del Fuego, Antártida e Islas del Atlántico Sur",2/2/20,0,0,0,0,0,0
"Tierra del Fuego, Antártida e Islas del Atlántico Sur",2/3/20,0,0,0,0,0,0
"Tierra del Fuego, Antártida e Islas del Atlántico Sur",2/4/20,0,0,0,0,0,0
"Tierra del Fuego, Antártida e Islas del Atlántico Sur",2/5/20,0,0,0,0,0,0
"Tierra del Fuego, Antártida e Islas del Atlántico Sur",2/6/20,0,0,0,0,0,0
"Tierra del Fuego, Antártida e Islas del Atlántico Sur",2/7/20,0,0,0,0,0,0
"Tierra del Fuego, Antártida e Islas del Atlántico Sur",2/8/20,0,0,0,0,0,0
"Tierra del Fuego, Antártida e Islas del Atlántico Sur",2/9/20,0,0,0,0,0,0
"Tierra del Fuego, Antártida e Islas del Atlántico Sur",2/10/20,0,0,0,0,0,0
"Tierra del Fuego, Antártida e Islas del Atlántico Sur",2/11/20,0,0,0,0,0,0
"Tierra del Fuego, Antártida e Islas del Atlántico Sur",2/12/20,0,0,0,0,0,0
"Tierra del Fuego, Antártida e Islas del Atlántico Sur",2/13/20,0,0,0,0,0,0
"Tierra del Fuego, Antártida e Islas del Atlántico Sur",2/14/20,0,0,0,0,0,0
"Tierra del Fuego, Antártida e Islas del Atlántico Sur",2/15/20,0,0,0,0,0,0
"Tierra del Fuego, Antártida e Islas del Atlántico Sur",2/16/20,0,0,0,0,0,0
"Tierra del Fuego, Antártida e Islas del Atlántico Sur",2/17/20,0,0,0,0,0,0
"Tierra del Fuego, Antártida e Islas del Atlántico Sur",2/18/20,0,0,0,0,0,0
"Tierra del Fuego, Antártida e Islas del Atlántico Sur",2/19/20,0,0,0,0,0,0
"Tierra del Fuego, Antártida e Islas del Atlántico Sur",2/20/20,0,0,0,0,0,0
"Tierra del Fuego, Antártida e Islas del Atlántico Sur",2/21/20,0,0,0,0,0,0
"Tierra del Fuego, Antártida e Islas del Atlántico Sur",2/22/20,0,0,0,0,0,0
"Tierra del Fuego, Antártida e Islas del Atlántico Sur",2/23/20,0,0,0,0,0,0
"Tierra del Fuego, Antártida e Islas del Atlántico Sur",2/24/20,0,0,0,0,0,0
"Tierra del Fuego, Antártida e Islas del Atlántico Sur",2/25/20,0,0,0,0,0,0
"Tierra del Fuego, Antártida e Islas del Atlántico Sur",2/26/20,0,0,0,0,0,0
"Tierra del Fuego, Antártida e Islas del Atlántico Sur",2/27/20,0,0,0,0,0,0
"Tierra del Fuego, Antártida e Islas del Atlántico Sur",2/28/20,0,0,0,0,0,0
"Tierra del Fuego, Antártida e Islas del Atlántico Sur",2/29/20,0,0,0,0,0,0
"Tierra del Fuego, Antártida e Islas del Atlántico Sur",3/1/20,0,0,0,0,0,0
"Tierra del Fuego, Antártida e Islas del Atlántico Sur",3/2/20,0,0,0,0,0,0
"Tierra del Fuego, Antártida e Islas del Atlántico Sur",3/3/20,0,0,0,0,0,0
"Tierra del Fuego, Antártida e Islas del Atlántico Sur",3/4/20,0,0,0,0,0,0
"Tierra del Fuego, Antártida e Islas del Atlántico Sur",3/5/20,0,0,0,0,0,0
"Tierra del Fuego, Antártida e Islas del Atlántico Sur",3/6/20,0,0,0,0,0,0
"Tierra del Fuego, Antártida e Islas del Atlántico Sur",3/7/20,0,0,0,0,0,0
"Tierra del Fuego, Antártida e Islas del Atlántico Sur",3/8/20,0,0,0,0,0,0
"Tierra del Fuego, Antártida e Islas del Atlántico Sur",3/9/20,0,0,0,0,0,0
"Tierra del Fuego, Antártida e Islas del Atlántico Sur",3/10/20,0,0,0,0,0,0
"Tierra del Fuego, Antártida e Islas del Atlántico Sur",3/11/20,0,0,0,0,0,0
"Tierra del Fuego, Antártida e Islas del Atlántico Sur",3/12/20,0,0,0,0,0,0
"Tierra del Fuego, Antártida e Islas del Atlántico Sur",3/13/20,0,0,0,0,0,0
"Tierra del Fuego, Antártida e Islas del Atlántico Sur",3/14/20,0,0,0,0,0,0
"Tierra del Fuego, Antártida e Islas del Atlántico Sur",3/15/20,2,0,0,2,0,0
"Tierra del Fuego, Antártida e Islas del Atlántico Sur",3/16/20,0,0,0,2,0,0
"Tierra del Fuego, Antártida e Islas del Atlántico Sur",3/17/20,0,0,0,2,0,0
"Tierra del Fuego, Antártida e Islas del Atlántico Sur",3/18/20,0,0,0,2,0,0
"Tierra del Fuego, Antártida e Islas del Atlántico Sur",3/19/20,0,0,0,2,0,0
"Tierra del Fuego, Antártida e Islas del Atlántico Sur",3/20/20,1,0,0,3,0,0
"Tierra del Fuego, Antártida e Islas del Atlántico Sur",3/21/20,3,0,0,6,0,0
"Tierra del Fuego, Antártida e Islas del Atlántico Sur",3/22/20,0,0,0,6,0,0
"Tierra del Fuego, Antártida e Islas del Atlántico Sur",3/23/20,0,0,0,6,0,0
"Tierra del Fuego, Antártida e Islas del Atlántico Sur",3/24/20,4,0,0,10,0,0
"Tierra del Fuego, Antártida e Islas del Atlántico Sur",3/25/20,1,0,0,11,0,0
"Tierra del Fuego, Antártida e Islas del Atlántico Sur",3/26/20,3,0,0,14,0,0
"Tierra del Fuego, Antártida e Islas del Atlántico Sur",3/27/20,0,0,0,14,0,0
"Tierra del Fuego, Antártida e Islas del Atlántico Sur",3/28/20,4,0,0,18,0,0
"Tierra del Fuego, Antártida e Islas del Atlántico Sur",3/29/20,4,0,0,22,0,0
"Tierra del Fuego, Antártida e Islas del Atlántico Sur",3/30/20,11,0,0,33,0,0
"Tierra del Fuego, Antártida e Islas del Atlántico Sur",3/31/20,7,0,0,40,0,0
"Tierra del Fuego, Antártida e Islas del Atlántico Sur",4/1/20,0,0,0,40,0,0
"Tierra del Fuego, Antártida e Islas del Atlántico Sur",4/2/20,24,0,0,64,0,0
"Tierra del Fuego, Antártida e Islas del Atlántico Sur",4/3/20,1,0,0,65,0,0
"Tierra del Fuego, Antártida e Islas del Atlántico Sur",4/4/20,8,0,10,73,0,10
"Tierra del Fuego, Antártida e Islas del Atlántico Sur",4/5/20,3,0,1,76,0,11
"Tierra del Fuego, Antártida e Islas del Atlántico Sur",4/6/20,2,0,1,78,0,12
"Tierra del Fuego, Antártida e Islas del Atlántico Sur",4/7/20,2,0,9,80,0,21
"Tierra del Fuego, Antártida e Islas del Atlántico Sur",4/8/20,2,0,4,82,0,25
"Tierra del Fuego, Antártida e Islas del Atlántico Sur",4/9/20,0,0,2,82,0,27
"Tierra del Fuego, Antártida e Islas del Atlántico Sur",4/10/20,2,0,5,84,0,32
"Tierra del Fuego, Antártida e Islas del Atlántico Sur",4/11/20,8,0,2,92,0,34
"Tierra del Fuego, Antártida e Islas del Atlántico Sur",4/12/20,4,0,0,96,0,34
"Tierra del Fuego, Antártida e Islas del Atlántico Sur",4/13/20,4,0,0,100,0,34
"Tierra del Fuego, Antártida e Islas del Atlántico Sur",4/14/20,2,0,0,102,0,34
"Tierra del Fuego, Antártida e Islas del Atlántico Sur",4/15/20,3,0,0,105,0,34
"Tierra del Fuego, Antártida e Islas del Atlántico Sur",4/16/20,7,0,0,112,0,34
"Tierra del Fuego, Antártida e Islas del Atlántico Sur",4/17/20,2,0,0,114,0,34
"Tierra del Fuego, Antártida e Islas del Atlántico Sur",4/18/20,0,0,0,114,0,34
"Tierra del Fuego, Antártida e Islas del Atlántico Sur",4/19/20,3,0,0,117,0,34
"Tierra del Fuego, Antártida e Islas del Atlántico Sur",4/20/20,0,0,0,117,0,34
Tucumán,1/22/20,0,0,0,0,0,0
Tucumán,1/23/20,0,0,0,0,0,0
Tucumán,1/24/20,0,0,0,0,0,0
Tucumán,1/25/20,0,0,0,0,0,0
Tucumán,1/26/20,0,0,0,0,0,0
Tucumán,1/27/20,0,0,0,0,0,0
Tucumán,1/28/20,0,0,0,0,0,0
Tucumán,1/29/20,0,0,0,0,0,0
Tucumán,1/30/20,0,0,0,0,0,0
Tucumán,1/31/20,0,0,0,0,0,0
Tucumán,2/1/20,0,0,0,0,0,0
Tucumán,2/2/20,0,0,0,0,0,0
Tucumán,2/3/20,0,0,0,0,0,0
Tucumán,2/4/20,0,0,0,0,0,0
Tucumán,2/5/20,0,0,0,0,0,0
Tucumán,2/6/20,0,0,0,0,0,0
Tucumán,2/7/20,0,0,0,0,0,0
Tucumán,2/8/20,0,0,0,0,0,0
Tucumán,2/9/20,0,0,0,0,0,0
Tucumán,2/10/20,0,0,0,0,0,0
Tucumán,2/11/20,0,0,0,0,0,0
Tucumán,2/12/20,0,0,0,0,0,0
Tucumán,2/13/20,0,0,0,0,0,0
Tucumán,2/14/20,0,0,0,0,0,0
Tucumán,2/15/20,0,0,0,0,0,0
Tucumán,2/16/20,0,0,0,0,0,0
Tucumán,2/17/20,0,0,0,0,0,0
Tucumán,2/18/20,0,0,0,0,0,0
Tucumán,2/19/20,0,0,0,0,0,0
Tucumán,2/20/20,0,0,0,0,0,0
Tucumán,2/21/20,0,0,0,0,0,0
Tucumán,2/22/20,0,0,0,0,0,0
Tucumán,2/23/20,0,0,0,0,0,0
Tucumán,2/24/20,0,0,0,0,0,0
Tucumán,2/25/20,0,0,0,0,0,0
Tucumán,2/26/20,0,0,0,0,0,0
Tucumán,2/27/20,0,0,0,0,0,0
Tucumán,2/28/20,0,0,0,0,0,0
Tucumán,2/29/20,0,0,0,0,0,0
Tucumán,3/1/20,0,0,0,0,0,0
Tucumán,3/2/20,0,0,0,0,0,0
Tucumán,3/3/20,0,0,0,0,0,0
Tucumán,3/4/20,0,0,0,0,0,0
Tucumán,3/5/20,0,0,0,0,0,0
Tucumán,3/6/20,0,0,0,0,0,0
Tucumán,3/7/20,0,0,0,0,0,0
Tucumán,3/8/20,0,0,0,0,0,0
Tucumán,3/9/20,0,0,0,0,0,0
Tucumán,3/10/20,0,0,0,0,0,0
Tucumán,3/11/20,0,0,0,0,0,0
Tucumán,3/12/20,0,0,0,0,0,0
Tucumán,3/13/20,0,0,0,0,0,0
Tucumán,3/14/20,0,0,0,0,0,0
Tucumán,3/15/20,0,0,0,0,0,0
Tucumán,3/16/20,0,0,0,0,0,0
Tucumán,3/17/20,0,0,0,0,0,0
Tucumán,3/18/20,0,0,0,0,0,0
Tucumán,3/19/20,1,0,0,1,0,0
Tucumán,3/20/20,0,0,0,1,0,0
Tucumán,3/21/20,1,0,0,2,0,0
Tucumán,3/22/20,5,0,0,7,0,0
Tucumán,3/23/20,0,0,0,7,0,0
Tucumán,3/24/20,0,0,0,7,0,0
Tucumán,3/25/20,2,0,0,9,0,0
Tucumán,3/26/20,0,0,0,9,0,0
Tucumán,3/27/20,6,0,0,15,0,0
Tucumán,3/28/20,0,0,0,15,0,0
Tucumán,3/29/20,0,0,0,15,0,0
Tucumán,3/30/20,0,2,0,15,2,0
Tucumán,3/31/20,1,0,0,16,2,0
Tucumán,4/1/20,1,0,0,17,2,0
Tucumán,4/2/20,4,0,0,21,2,0
Tucumán,4/3/20,0,1,0,21,3,0
Tucumán,4/4/20,1,0,0,22,3,0
Tucumán,4/5/20,0,0,0,22,3,0
Tucumán,4/6/20,5,0,0,27,3,0
Tucumán,4/7/20,1,0,0,28,3,0
Tucumán,4/8/20,1,1,0,29,4,0
Tucumán,4/9/20,1,0,0,30,4,0
Tucumán,4/10/20,0,0,0,30,4,0
Tucumán,4/11/20,1,0,0,31,4,0
Tucumán,4/12/20,0,0,0,31,4,0
Tucumán,4/13/20,0,0,3,31,4,3
Tucumán,4/14/20,0,0,0,31,4,3
Tucumán,4/15/20,0,0,0,31,4,3
Tucumán,4/16/20,0,0,0,31,4,3
Tucumán,4/17/20,0,0,0,31,4,3
Tucumán,4/18/20,0,0,0,31,4,3
Tucumán,4/19/20,0,0,0,31,4,3
Tucumán,4/20/20,1,0,0,32,4,3
